vin,timestamp,ActTransmissionGearLeverPos,B2V_MaxCellVoltage,B2V_MinCellVoltage,CrankshaftSpeed,DC_DC_Sts,EVehBatSOC,EVehTotalFlow,EVehTotalVol,InsulationResistance,MaxTemp,MinTemp,TotalVehicleDistance,VehBrakeSts,VehChargingSts,VehDriveSts,VehRunMode,VehicleSpeed,VehicleStatus,engine_state,EMsts,EMControlTmp,EMRotation,EMTorque,EMTemp,EMVoltage,EMBusCurrentFlow,geo_status,BrakeSystemAlarm
car_id_14,4/10/2018 15:02,P,3.9619999999999997,3.9589999999999996,0,1,0.87,0,413.3,8085,24,23,54.0,0,3,0,1,0.0,1,2,3,35,0,0.0,31,412.0,0.0,stationary,0
car_id_14,4/10/2018 15:03,P,3.9619999999999997,3.9589999999999996,0,1,0.87,0,413.3,8425,24,23,54.0,0,3,0,1,0.0,1,2,3,35,0,0.0,31,412.0,0.0,stationary,0
car_id_14,4/10/2018 15:03,P,3.9619999999999997,3.958,0,1,0.87,0,413.3,8135,24,23,54.0,0,3,0,1,0.0,1,2,3,35,0,0.0,31,412.0,0.0,stationary,0
car_id_14,4/10/2018 15:04,P,3.969,3.966,1187,1,0.87,-4,414.0,8420,24,23,54.0,1,3,0,2,0.0,1,1,2,36,1181,-27.8,32,412.8,-6.8,stationary,0
car_id_14,4/10/2018 15:04,0,3.972,3.969,1033,1,0.87,-4,414.3,8055,24,23,54.0,1,3,0,2,2.3,1,1,2,38,1036,-30.8,32,413.0,-6.3,stationary,0
car_id_14,4/10/2018 15:05,<U+5012><U+6321>,3.964,3.96,785,1,0.87,0,413.5,7690,24,23,54.0,0,3,0,2,0.0,1,1,4,38,795,-12.8,33,412.3,-1.5,stationary,0
car_id_14,4/10/2018 15:05,<U+5012><U+6321>,3.963,3.96,705,1,0.87,0,413.5,7835,24,23,54.0,0,3,0,2,0.0,1,1,4,39,687,-12.8,33,412.3,-1.3,stationary,0
car_id_14,4/10/2018 15:27,0,3.9610000000000003,3.958,0,1,0.87,0,413.3,8590,25,24,54.0,0,3,0,1,0.0,1,2,3,36,0,0.0,34,412.0,0.0,,0
car_id_14,4/10/2018 15:28,0,3.9610000000000003,3.958,0,1,0.87,0,413.3,7985,25,24,54.0,0,3,0,1,0.0,1,2,3,37,0,0.0,34,412.0,0.0,stationary,0
car_id_14,4/10/2018 15:28,0,3.9610000000000003,3.958,0,1,0.87,0,413.0,8470,25,24,54.0,0,3,0,1,0.0,1,2,3,37,0,0.0,34,412.0,0.0,stationary,0
car_id_14,4/10/2018 15:29,0,3.9610000000000003,3.957,0,1,0.87,0,413.3,8085,25,24,54.0,0,3,0,1,0.0,1,2,3,37,0,0.0,34,412.0,0.0,stationary,0
car_id_14,4/10/2018 15:29,0,3.96,3.957,0,1,0.87,0,413.0,8410,25,24,54.0,0,3,0,1,0.0,1,2,3,37,0,0.0,35,411.8,0.0,stationary,0
car_id_14,4/10/2018 15:30,0,3.96,3.957,0,1,0.87,0,413.0,8085,25,24,54.0,0,3,0,1,0.0,1,2,3,38,0,0.0,35,411.8,0.0,stationary,0
car_id_14,4/10/2018 15:30,0,3.96,3.957,0,1,0.87,0,413.0,8345,25,24,54.0,0,3,0,1,0.0,1,2,3,38,0,0.0,35,411.8,0.0,stationary,0
car_id_14,4/10/2018 15:31,0,3.96,3.9560000000000004,0,1,0.87,0,413.0,8080,25,24,54.0,0,3,0,1,0.0,1,2,3,38,0,0.0,35,411.8,0.0,stationary,0
car_id_14,4/10/2018 15:31,0,3.96,3.9560000000000004,0,1,0.87,0,413.0,8285,25,24,54.0,0,3,0,1,0.0,1,2,3,38,0,0.0,35,411.8,0.0,stationary,0
car_id_14,4/10/2018 15:32,0,3.9589999999999996,3.9560000000000004,0,1,0.87,0,413.0,8080,25,24,54.0,0,3,0,1,0.0,1,2,3,39,0,0.0,35,411.8,0.0,stationary,0
car_id_14,4/10/2018 15:32,0,3.96,3.9560000000000004,0,1,0.87,0,413.0,8285,25,24,54.0,0,3,0,1,0.0,1,2,3,39,0,0.0,35,411.8,0.0,stationary,0
car_id_14,4/10/2018 15:33,0,3.9589999999999996,3.955,0,1,0.87,0,412.8,8080,25,24,54.0,0,3,0,1,0.0,1,2,3,39,0,0.0,35,411.8,0.0,stationary,0
car_id_14,4/10/2018 15:33,0,3.958,3.955,0,1,0.87,0,412.8,8285,25,24,54.0,0,3,0,1,0.0,1,2,3,38,0,0.0,35,411.8,0.0,stationary,0
car_id_14,4/10/2018 15:34,0,3.958,3.955,0,1,0.86,0,412.8,8080,25,24,54.0,0,3,0,1,0.0,1,2,3,38,0,0.0,35,411.8,0.0,stationary,0
car_id_14,4/10/2018 15:34,0,3.958,3.955,0,1,0.86,0,412.8,8285,25,24,54.0,0,3,0,1,0.0,1,2,3,38,0,0.0,35,411.5,0.0,stationary,0
car_id_14,4/10/2018 15:35,0,3.958,3.955,0,1,0.86,0,412.8,8125,25,24,54.0,0,3,0,1,0.0,1,2,3,37,0,0.0,36,411.5,0.0,stationary,0
car_id_14,4/10/2018 15:35,0,3.958,3.9539999999999997,0,1,0.86,0,412.8,8280,25,24,54.0,0,3,0,1,0.0,1,2,3,37,0,0.0,36,411.5,0.0,stationary,0
car_id_14,4/10/2018 15:36,P,3.971,3.967,1192,1,0.86,-6,414.0,8120,25,24,54.0,0,3,0,2,0.0,1,1,2,39,1193,-33.8,36,413.0,-8.3,stationary,0
car_id_14,4/10/2018 15:36,P,3.9760000000000004,3.972,1193,1,0.86,-6,414.5,7715,25,24,54.0,0,3,0,2,0.0,1,1,2,40,1189,-32.8,37,413.5,-8.0,stationary,0
car_id_14,4/10/2018 15:37,P,3.965,3.9610000000000003,754,1,0.87,0,413.5,7835,25,24,54.0,0,3,0,2,0.0,1,1,4,40,755,-10.8,37,412.5,-1.3,stationary,0
car_id_14,4/10/2018 15:37,P,3.963,3.96,753,1,0.87,0,413.3,7780,25,24,54.0,0,3,0,2,0.0,1,1,4,40,755,-10.8,37,412.3,-1.3,stationary,0
car_id_14,4/10/2018 15:38,P,3.963,3.96,763,1,0.87,0,413.3,7780,25,24,54.0,0,3,0,2,0.0,1,1,4,41,764,-11.8,37,412.3,-1.5,stationary,0
car_id_14,4/10/2018 15:38,P,3.963,3.96,758,1,0.87,0,413.3,7820,25,24,54.0,0,3,0,2,0.0,1,1,4,41,756,-11.8,38,412.3,-1.5,stationary,0
car_id_14,4/10/2018 15:39,P,3.963,3.9589999999999996,757,1,0.87,0,413.3,7780,25,24,54.0,0,3,0,2,0.0,1,1,4,42,758,-10.8,38,412.3,-1.3,stationary,0
car_id_14,4/10/2018 15:39,P,3.9619999999999997,3.9589999999999996,757,1,0.87,0,413.3,7770,25,24,54.0,0,3,0,2,0.0,1,1,4,42,756,-11.8,38,412.3,-1.3,stationary,0
car_id_14,4/10/2018 15:40,P,3.96,3.957,0,1,0.87,1,413.0,8225,25,24,54.0,0,3,0,1,0.0,1,2,3,41,0,0.0,39,411.8,0.0,stationary,0
car_id_14,4/10/2018 15:41,P,3.96,3.9560000000000004,0,1,0.87,1,412.8,8075,25,24,54.0,0,3,0,1,0.0,1,2,3,40,0,0.0,39,411.8,0.0,stationary,0
car_id_14,4/10/2018 15:41,P,3.9589999999999996,3.9560000000000004,0,1,0.87,1,412.8,8275,25,24,54.0,0,3,0,1,0.0,1,2,3,40,0,0.0,39,411.8,0.0,stationary,0
car_id_14,4/10/2018 15:42,P,3.9589999999999996,3.9560000000000004,0,1,0.87,1,412.8,8070,25,24,54.0,0,3,0,1,0.0,1,2,3,39,0,0.0,39,411.8,0.0,stationary,0
car_id_14,4/10/2018 15:42,P,3.9589999999999996,3.955,0,1,0.87,1,412.8,8220,25,24,54.0,0,3,0,1,0.0,1,2,3,39,0,0.0,39,411.8,0.0,stationary,0
car_id_14,4/10/2018 15:43,P,3.958,3.955,0,1,0.86,1,412.8,8070,25,24,54.0,0,3,0,1,0.0,1,2,3,38,0,0.0,39,411.8,0.0,stationary,0
car_id_14,4/10/2018 15:43,P,3.958,3.9539999999999997,0,1,0.86,1,412.8,8275,25,24,54.0,0,3,0,1,0.0,1,2,3,38,0,0.0,39,411.5,0.0,stationary,0
car_id_14,4/10/2018 15:44,P,3.958,3.9539999999999997,0,1,0.86,1,412.8,8125,25,24,54.0,0,3,0,1,0.0,1,2,3,38,0,0.0,39,411.5,0.0,stationary,0
car_id_14,4/10/2018 15:44,P,3.957,3.9539999999999997,0,1,0.86,1,412.8,8220,25,24,54.0,0,3,0,1,0.0,1,2,3,37,0,0.0,39,411.5,0.0,stationary,0
car_id_14,4/10/2018 15:45,P,3.957,3.9539999999999997,0,1,0.86,1,412.8,8125,25,24,54.0,0,3,0,1,0.0,1,2,3,37,0,0.0,39,411.5,0.0,stationary,0
car_id_14,4/10/2018 15:45,<U+5012><U+6321>,3.938,3.935,0,1,0.86,12,410.3,7885,25,24,54.0,0,3,0,1,2.0,1,2,1,39,771,46.0,39,409.3,12.8,stationary,0
car_id_14,4/10/2018 15:46,D,3.9330000000000003,3.926,0,1,0.86,28,407.5,8315,25,24,54.0,0,3,1,1,1.5,1,2,1,40,1086,78.0,40,406.5,26.8,stationary,0
car_id_14,4/11/2018 8:42,P,3.967,3.963,1203,1,0.86,-2,413.5,8025,24,23,54.0,0,3,0,2,0.0,1,1,2,26,1195,-20.8,26,412.5,-4.0,,0
car_id_14,4/11/2018 8:42,D,3.929,3.925,0,1,0.86,19,409.5,7845,24,24,54.0,0,3,1,1,11.7,1,2,1,28,1305,43.0,27,408.3,17.3,stationary,0
car_id_14,4/11/2018 8:43,D,3.935,3.932,0,1,0.86,3,411.5,8120,24,23,54.0,0,3,1,1,9.5,1,2,4,27,721,6.0,27,410.3,1.3,in motion,0
car_id_14,4/11/2018 8:43,<U+5012><U+6321>,3.944,3.9410000000000003,0,1,0.86,3,411.0,7875,24,23,54.0,1,3,0,1,1.1,1,2,4,29,403,8.0,28,409.8,1.5,in motion,0
car_id_14,4/15/2018 9:15,P,3.949,3.946,0,1,0.85,1,412.0,8670,15,14,54.0,0,3,0,1,0.0,1,2,3,14,0,0.0,14,410.5,0.0,,0
car_id_14,4/15/2018 9:16,P,3.948,3.945,0,1,0.85,1,412.0,9005,15,14,54.0,0,3,0,1,0.0,1,2,3,14,0,0.0,14,410.8,0.0,stationary,0
car_id_14,4/15/2018 9:16,P,3.946,3.943,0,1,0.85,1,411.8,9870,15,14,54.0,0,3,0,1,0.0,1,2,4,15,0,0.0,14,410.5,0.0,stationary,0
car_id_14,4/15/2018 9:17,D,3.9360000000000004,3.9330000000000003,0,1,0.85,4,410.5,9025,15,14,55.0,0,3,0,1,5.7,1,2,4,16,713,10.0,14,409.3,2.5,stationary,0
car_id_14,4/15/2018 9:17,D,3.93,3.927,0,1,0.85,2,409.8,9415,15,14,55.0,1,3,0,1,0.3,1,2,4,19,51,-0.8,16,408.8,0.0,in motion,0
car_id_14,4/15/2018 9:18,<U+5012><U+6321>,3.929,3.926,0,1,0.85,1,409.8,8795,15,14,55.0,1,3,0,1,0.6,1,2,4,19,14,1.0,16,408.5,0.3,in motion,0
car_id_14,4/15/2018 9:18,P,3.9339999999999997,3.931,0,1,0.85,1,410.3,8950,15,14,55.0,0,3,0,1,0.0,1,2,4,18,0,0.0,16,409.0,0.0,stationary,0
car_id_14,4/15/2018 9:22,<U+5012><U+6321>,3.929,3.926,1034,1,0.84,1,409.8,8625,15,14,55.0,1,3,0,2,2.5,1,1,4,20,1031,-10.8,18,408.5,-1.8,stationary,0
car_id_14,4/15/2018 9:22,D,3.931,3.928,986,1,0.84,0,410.3,8685,15,14,55.0,0,3,1,2,0.0,1,1,4,20,1000,-15.8,18,409.0,-2.8,stationary,0
car_id_14,4/15/2018 9:23,<U+5012><U+6321>,3.925,3.9219999999999997,0,1,0.84,1,409.3,8525,15,14,55.0,1,3,0,1,0.0,1,2,4,22,0,0.0,19,408.5,0.0,stationary,0
car_id_14,4/15/2018 9:23,D,3.906,3.903,0,1,0.84,7,407.5,9055,15,14,55.0,1,3,0,1,6.1,1,2,1,21,829,17.0,20,406.5,5.0,stationary,0
car_id_14,4/15/2018 9:24,P,3.924,3.9210000000000003,0,1,0.83,1,409.3,8700,15,14,55.0,0,3,0,1,0.0,1,2,4,21,0,0.0,20,408.3,0.0,stationary,0
car_id_14,4/15/2018 9:24,P,3.926,3.923,0,1,0.83,1,409.5,8795,15,14,55.0,0,3,0,1,0.0,1,2,4,21,0,0.0,20,408.5,0.0,stationary,0
car_id_14,4/15/2018 9:25,P,3.927,3.924,0,1,0.83,1,409.5,8730,15,14,55.0,0,3,0,1,0.0,1,2,4,22,0,0.0,20,408.5,0.0,stationary,0
car_id_14,4/15/2018 9:25,P,3.9130000000000003,3.909,0,1,0.83,4,408.5,8760,15,14,55.0,0,3,0,1,0.0,1,2,4,22,0,0.0,20,407.3,0.0,stationary,0
car_id_14,4/15/2018 9:26,P,3.917,3.9139999999999997,0,1,0.83,6,407.8,8635,15,14,55.0,0,3,0,1,0.0,1,2,4,22,0,0.0,20,407.0,0.0,stationary,0
car_id_14,4/15/2018 9:26,P,3.923,3.9189999999999996,0,1,0.83,1,409.0,8985,15,14,55.0,0,3,0,1,0.0,1,2,4,22,0,0.0,20,408.0,0.0,stationary,0
car_id_14,4/15/2018 9:27,P,3.924,3.92,0,1,0.83,1,409.3,8725,15,14,55.0,0,3,1,1,0.0,1,2,4,22,0,0.0,20,408.3,0.0,stationary,0
car_id_14,4/15/2018 9:27,P,3.924,3.9210000000000003,0,1,0.83,1,409.3,8930,15,14,55.0,0,3,1,1,0.0,1,2,4,22,0,0.0,20,408.3,0.0,stationary,0
car_id_14,4/19/2018 10:51,P,3.945,3.9419999999999997,1206,1,0.83,-5,411.5,8270,23,22,55.0,0,3,0,2,0.0,1,1,2,26,1208,-35.8,23,410.5,-9.0,,0
car_id_14,4/19/2018 10:52,P,3.94,3.9360000000000004,1133,1,0.83,-1,411.0,8510,23,22,55.0,0,3,0,2,0.0,1,1,4,26,1129,-15.8,24,410.0,-3.8,stationary,0
car_id_14,4/19/2018 10:52,P,3.937,3.9339999999999997,783,1,0.83,0,410.5,8165,23,22,55.0,0,3,0,2,0.0,1,1,4,26,782,-13.8,24,409.5,-1.8,stationary,0
car_id_14,4/19/2018 10:53,P,3.937,3.9330000000000003,770,1,0.83,0,410.5,8585,23,22,55.0,0,3,0,2,0.0,1,1,4,27,769,-12.8,25,409.3,-1.3,stationary,0
car_id_14,4/19/2018 10:53,P,3.9360000000000004,3.9330000000000003,760,1,0.83,0,410.5,8110,23,22,55.0,0,3,0,2,0.0,1,1,4,27,761,-13.8,25,409.5,-1.8,stationary,0
car_id_14,4/29/2018 15:31,D,3.917,3.9139999999999997,0,1,0.83,5,408.5,8050,28,27,55.0,0,3,1,1,16.2,1,2,4,35,1210,8.0,28,407.3,3.5,,0
car_id_14,4/29/2018 15:32,<U+5012><U+6321>,3.908,3.905,0,1,0.82,10,407.5,8710,28,27,55.0,0,3,0,1,3.0,1,2,1,37,900,30.0,28,406.5,8.0,in motion,0
car_id_14,4/29/2018 15:50,D,3.93,3.927,1052,1,0.82,5,409.0,7840,28,27,55.0,0,3,1,2,4.0,1,1,4,33,1066,9.0,30,408.3,2.0,,0
car_id_14,4/29/2018 15:51,D,3.907,3.903,0,1,0.82,13,407.3,8240,28,27,55.0,0,3,1,1,11.5,1,2,1,35,1270,28.0,31,406.3,11.0,in motion,0
car_id_14,4/29/2018 15:51,D,3.9130000000000003,3.91,835,1,0.82,0,408.3,7405,28,27,55.0,1,3,0,2,1.5,1,1,4,34,824,-14.8,33,407.3,-2.3,in motion,0
car_id_14,4/29/2018 15:52,D,3.9010000000000002,3.898,0,1,0.81,9,406.8,8300,29,27,55.0,0,3,1,1,10.9,1,2,1,36,1223,17.0,33,405.8,6.5,stationary,0
car_id_14,4/29/2018 16:00,<U+5012><U+6321>,3.8939999999999997,3.891,0,1,0.81,35,403.3,7810,29,28,55.0,0,3,1,1,0.8,1,2,1,35,1195,83.0,33,402.3,33.0,,0
car_id_14,4/29/2018 16:01,<U+5012><U+6321>,3.897,3.8939999999999997,0,1,0.81,14,405.5,8675,29,28,55.0,0,3,0,1,2.1,1,2,1,36,814,50.0,34,404.3,12.5,stationary,0
car_id_14,4/29/2018 16:01,D,3.8939999999999997,3.891,0,1,0.8,4,406.5,7855,29,28,55.0,1,3,0,1,0.0,1,2,4,37,9,-1.8,34,405.3,0.0,stationary,0
car_id_14,4/29/2018 16:02,D,3.8939999999999997,3.89,0,1,0.8,10,405.5,8435,29,28,55.0,1,3,0,1,0.8,1,2,1,38,764,31.0,35,404.3,7.5,stationary,0
car_id_14,4/29/2018 16:02,D,3.891,3.888,0,1,0.8,7,405.8,7835,29,28,55.0,1,3,0,1,2.6,1,2,1,38,734,18.0,35,404.5,5.5,stationary,0
car_id_14,4/29/2018 16:03,D,3.891,3.888,0,1,0.79,9,405.3,8440,29,28,55.0,1,3,0,1,0.5,1,2,1,39,676,29.0,36,404.3,6.8,stationary,0
car_id_14,4/29/2018 16:03,<U+5012><U+6321>,3.889,3.886,0,1,0.79,12,404.8,7820,29,28,55.0,1,3,0,1,0.9,1,2,1,40,751,40.0,37,403.5,9.5,stationary,0
car_id_14,4/29/2018 16:04,<U+5012><U+6321>,3.884,3.8810000000000002,0,1,0.79,11,404.3,8500,29,28,55.0,1,3,0,1,0.5,1,2,1,41,754,32.0,38,403.5,9.8,stationary,0
car_id_14,4/29/2018 16:04,D,3.886,3.883,0,1,0.79,9,404.5,7790,29,28,55.0,1,3,0,1,0.5,1,2,1,41,627,41.0,38,403.5,7.8,stationary,0
car_id_14,4/29/2018 16:05,D,3.888,3.884,0,1,0.78,5,405.0,8425,29,28,55.0,1,3,0,1,0.0,1,2,4,42,537,14.0,39,404.0,3.0,stationary,0
car_id_14,4/30/2018 9:26,P,3.9,3.8960000000000004,0,1,0.78,1,406.8,8145,27,26,55.0,0,3,0,1,0.0,1,2,3,25,0,0.0,26,405.5,0.0,,0
car_id_14,4/30/2018 9:26,P,3.8989999999999996,3.8960000000000004,0,1,0.78,1,406.8,8050,27,26,55.0,0,3,0,1,0.0,1,2,3,25,0,0.0,26,405.5,0.0,stationary,0
car_id_14,4/30/2018 9:27,P,3.9,3.8960000000000004,0,1,0.78,1,406.8,8350,27,26,55.0,0,3,0,1,0.0,1,2,3,25,0,0.0,26,405.5,0.0,stationary,0
car_id_14,4/30/2018 9:27,P,3.8989999999999996,3.895,0,1,0.78,1,406.8,8040,27,26,55.0,0,3,0,1,0.0,1,2,3,25,0,0.0,26,405.5,0.0,stationary,0
car_id_14,4/30/2018 9:28,P,3.8989999999999996,3.895,0,1,0.78,1,406.5,8350,27,26,55.0,0,3,0,1,0.0,1,2,3,26,0,0.0,26,405.5,0.0,stationary,0
car_id_14,4/30/2018 9:28,P,3.898,3.895,0,1,0.78,1,406.5,8035,27,26,55.0,0,3,0,1,0.0,1,2,3,26,0,0.0,26,405.5,0.0,stationary,0
car_id_14,4/30/2018 9:29,P,3.898,3.895,0,1,0.78,1,406.5,8280,27,26,55.0,0,3,0,1,0.0,1,2,3,26,0,0.0,26,405.5,0.0,stationary,0
car_id_14,4/30/2018 9:29,P,3.898,3.8939999999999997,0,1,0.78,1,406.5,7980,27,25,55.0,0,3,0,1,0.0,1,2,3,26,0,0.0,26,405.3,0.0,in motion,0
car_id_14,4/30/2018 9:30,P,3.897,3.8939999999999997,0,1,0.78,1,406.5,8285,27,26,55.0,0,3,0,1,0.0,1,2,3,27,0,0.0,26,405.3,0.0,in motion,0
car_id_14,4/30/2018 9:30,P,3.897,3.8939999999999997,0,1,0.78,1,406.3,8030,27,26,55.0,0,3,0,1,0.0,1,2,3,27,0,0.0,26,405.3,0.0,stationary,0
car_id_15,5/2/2018 10:31,D,3.903,3.9,0,1,0.8,5,406.8,8875,18,18,623.0,1,3,0,1,2.2,1,2,4,21,503,16.0,18,406.3,3.0,,0
car_id_15,5/2/2018 10:31,D,3.912,3.909,0,2,0.79,0,405.5,65535,18,18,623.0,1,3,0,1,0.0,1,2,254,21,65535,0.0,19,0.0,-1000.0,in motion,0
car_id_15,5/2/2018 10:32,D,3.9189999999999996,3.9160000000000004,0,2,0.79,0,406.3,65535,19,18,623.0,0,3,0,1,0.0,1,2,254,20,65535,0.0,19,0.0,-1000.0,stationary,0
car_id_15,5/2/2018 10:33,D,3.887,3.8819999999999997,0,1,0.79,12,404.3,8945,19,18,623.0,0,3,0,1,4.3,1,2,1,24,767,40.0,20,403.8,9.8,stationary,0
car_id_15,5/2/2018 10:57,<U+5012><U+6321>,3.89,3.886,0,1,0.78,7,405.0,8775,19,18,623.0,0,3,0,1,3.0,1,2,1,23,748,21.0,23,404.3,5.3,,0
car_id_15,5/2/2018 10:58,0,3.895,3.892,0,1,0.77,4,405.0,8845,19,18,623.0,0,3,0,1,0.9,1,2,4,24,536,16.0,23,404.3,3.0,stationary,0
car_id_15,5/2/2018 10:58,D,3.877,3.873,0,1,0.77,9,403.5,8635,19,18,623.0,1,3,0,1,5.2,1,2,1,25,713,32.0,24,402.8,7.3,stationary,0
car_id_15,5/2/2018 10:59,D,3.8939999999999997,3.89,0,1,0.77,1,405.3,8975,19,18,623.0,1,3,0,1,0.0,1,2,4,24,0,0.0,24,404.8,0.0,stationary,0
car_id_15,5/2/2018 10:59,P,3.8939999999999997,3.891,0,1,0.77,2,404.8,8615,19,18,623.0,0,3,0,1,0.0,1,2,4,26,52,4.0,24,404.3,0.3,stationary,0
car_id_15,5/2/2018 11:28,P,3.903,3.9,0,1,0.77,1,406.3,9020,19,18,623.0,0,3,0,1,0.0,1,2,3,22,0,0.0,24,405.8,0.0,,0
car_id_15,5/2/2018 11:28,P,3.903,3.9,0,1,0.77,1,406.3,9130,19,18,623.0,0,3,0,1,0.0,1,2,3,22,0,0.0,24,405.8,0.0,stationary,0
car_id_15,5/2/2018 11:29,P,3.903,3.8989999999999996,0,1,0.77,1,406.3,9015,19,18,623.0,0,3,0,1,0.0,1,2,3,22,0,0.0,24,405.8,0.0,stationary,0
car_id_15,5/2/2018 11:29,P,3.9019999999999997,3.8989999999999996,0,1,0.77,1,406.0,9110,19,18,623.0,0,3,0,1,0.0,1,2,3,22,0,0.0,23,405.5,0.0,stationary,0
car_id_15,5/2/2018 11:30,P,3.9019999999999997,3.898,0,1,0.77,1,406.0,9015,19,18,623.0,0,3,0,1,0.0,1,2,3,23,0,0.0,23,405.5,0.0,stationary,0
car_id_15,5/2/2018 11:30,P,3.9019999999999997,3.898,0,1,0.77,1,406.0,9105,19,18,623.0,0,3,0,1,0.0,1,2,3,23,0,0.0,23,405.5,0.0,stationary,0
car_id_15,5/2/2018 11:31,P,3.9010000000000002,3.898,0,1,0.77,1,406.0,9015,19,18,623.0,0,3,0,1,0.0,1,2,3,23,0,0.0,23,405.5,0.0,stationary,0
car_id_15,5/2/2018 11:31,P,3.9010000000000002,3.898,0,1,0.77,1,406.0,9030,19,18,623.0,0,3,0,1,0.0,1,2,3,23,0,0.0,23,405.5,0.0,stationary,0
car_id_15,5/2/2018 11:32,P,3.9010000000000002,3.897,0,1,0.77,1,406.0,9010,19,18,623.0,0,3,0,1,0.0,1,2,3,23,0,0.0,23,405.5,0.0,stationary,0
car_id_15,5/2/2018 11:32,P,3.9,3.897,0,1,0.77,1,406.0,9095,19,18,623.0,0,3,0,1,0.0,1,2,3,24,0,0.0,23,405.5,0.0,stationary,0
car_id_15,5/2/2018 11:33,P,3.9,3.8960000000000004,0,1,0.77,1,406.0,9005,19,18,623.0,0,3,0,1,0.0,1,2,3,24,0,0.0,22,405.3,0.0,stationary,0
car_id_15,5/2/2018 11:33,P,3.9,3.8960000000000004,0,1,0.76,1,405.8,9170,19,18,623.0,0,3,0,1,0.0,1,2,3,24,0,0.0,22,405.3,0.0,stationary,0
car_id_15,5/2/2018 11:34,P,3.8989999999999996,3.8960000000000004,0,1,0.76,1,405.8,9000,19,18,623.0,0,3,0,1,0.0,1,2,3,24,0,0.0,22,405.3,0.0,stationary,0
car_id_15,5/2/2018 11:34,P,3.8989999999999996,3.8960000000000004,0,1,0.76,1,405.8,9165,19,18,623.0,0,3,0,1,0.0,1,2,3,24,0,0.0,22,405.3,0.0,stationary,0
car_id_15,5/2/2018 11:35,P,3.8989999999999996,3.8960000000000004,0,1,0.76,1,405.8,9000,19,18,623.0,0,3,0,1,0.0,1,2,3,25,0,0.0,22,405.3,0.0,stationary,0
car_id_15,5/2/2018 11:35,P,3.8989999999999996,3.895,0,1,0.76,1,405.8,9095,19,18,623.0,0,3,0,1,0.0,1,2,3,25,0,0.0,22,405.3,0.0,stationary,0
car_id_15,5/2/2018 11:36,P,3.898,3.895,0,1,0.76,1,405.8,9000,19,18,623.0,0,3,0,1,0.0,1,2,3,25,0,0.0,22,405.3,0.0,stationary,0
car_id_15,5/2/2018 11:36,P,3.898,3.895,0,1,0.76,1,405.8,9020,19,18,623.0,0,3,0,1,0.0,1,2,3,25,0,0.0,22,405.3,0.0,stationary,0
car_id_15,5/2/2018 11:37,P,3.898,3.895,0,1,0.76,1,405.8,9000,19,18,623.0,0,3,0,1,0.0,1,2,3,25,0,0.0,22,405.3,0.0,stationary,0
car_id_15,5/2/2018 11:51,P,3.898,3.895,0,1,0.76,1,405.8,8855,19,18,623.0,0,3,0,1,0.0,1,2,3,24,0,0.0,24,405.3,0.0,,0
car_id_15,5/2/2018 11:52,P,3.898,3.895,0,1,0.76,1,405.8,9070,19,18,623.0,0,3,0,1,0.0,1,2,3,24,0,0.0,24,405.3,0.0,in motion,0
car_id_15,5/2/2018 11:52,P,3.897,3.8939999999999997,0,1,0.76,1,405.8,9025,19,18,623.0,0,3,0,1,0.0,1,2,3,24,0,0.0,23,405.0,0.0,stationary,0
car_id_15,5/2/2018 11:53,P,3.897,3.8939999999999997,0,1,0.76,1,405.5,9135,19,18,623.0,0,3,0,1,0.0,1,2,3,24,0,0.0,23,405.0,0.0,stationary,0
car_id_15,5/2/2018 11:53,P,3.897,3.8939999999999997,0,1,0.76,1,405.5,8955,19,18,623.0,0,3,0,1,0.0,1,2,3,25,0,0.0,23,405.0,0.0,stationary,0
car_id_15,5/2/2018 11:54,P,3.897,3.8939999999999997,0,1,0.76,0,405.5,9135,19,18,623.0,0,3,0,1,0.0,1,2,3,25,0,0.0,23,405.0,0.0,in motion,0
car_id_15,5/2/2018 11:55,D,3.891,3.888,1080,1,0.76,0,405.3,8555,19,18,623.0,1,3,0,2,0.0,1,1,4,26,1072,-7.8,23,404.8,-2.0,stationary,0
car_id_15,5/2/2018 11:55,D,3.897,3.8930000000000002,909,1,0.76,-3,406.0,8725,19,18,623.0,1,3,0,2,11.9,1,1,2,29,867,-31.8,24,405.8,-6.0,stationary,0
car_id_15,5/2/2018 11:56,D,3.8930000000000002,3.89,759,1,0.76,0,405.0,8560,19,18,623.0,1,3,0,2,5.0,1,1,4,28,764,-8.8,25,404.5,-1.0,stationary,0
car_id_15,5/2/2018 11:57,D,3.872,3.867,0,1,0.76,1,404.0,8645,19,18,623.0,0,3,0,1,0.0,1,2,4,29,834,-5.8,27,403.5,-0.5,in motion,0
car_id_15,5/2/2018 11:57,D,3.8760000000000003,3.8710000000000004,0,1,0.75,2,403.5,8880,19,18,623.0,0,3,0,1,6.4,1,2,4,29,704,3.0,27,403.0,1.0,in motion,0
car_id_15,5/2/2018 11:58,D,3.872,3.8680000000000003,0,1,0.75,2,403.8,65535,19,18,623.0,1,3,0,1,0.0,1,2,4,29,-6,0.0,28,403.3,0.0,stationary,0
car_id_15,5/2/2018 11:58,D,3.891,3.888,741,1,0.75,0,405.0,8145,19,18,623.0,1,3,0,2,7.9,1,1,4,30,760,-10.8,29,404.3,-0.8,in motion,0
car_id_15,5/2/2018 11:59,D,3.891,3.888,0,2,0.75,0,403.3,65535,19,18,624.0,1,3,0,2,0.0,1,2,254,29,65535,0.0,29,0.0,-1000.0,in motion,0
car_id_15,5/2/2018 12:00,D,3.891,3.888,0,2,0.75,0,403.3,65535,19,18,624.0,1,3,0,2,2.5,1,2,254,28,65535,0.0,30,0.0,-1000.0,in motion,0
car_id_15,5/2/2018 12:01,D,3.8489999999999998,3.845,0,2,0.74,0,398.8,65535,19,19,624.0,1,3,0,1,0.0,1,2,254,30,65535,0.0,39,0.0,-1000.0,in motion,0
car_id_15,5/2/2018 12:02,D,3.8680000000000003,3.864,2751,2,0.74,0,400.8,65535,20,19,625.0,0,3,1,2,37.0,1,1,254,28,65535,0.0,38,145.3,-1000.0,in motion,0
car_id_15,5/2/2018 12:02,D,3.872,3.8689999999999998,1508,2,0.74,0,401.3,65535,20,19,625.0,1,3,0,2,19.1,1,1,254,27,65535,0.0,37,74.0,-1000.0,in motion,0
car_id_15,5/2/2018 12:03,D,3.88,3.877,776,1,0.74,0,403.8,8480,20,19,625.0,1,3,0,2,6.2,1,1,4,28,786,-21.8,37,403.3,-2.8,in motion,0
car_id_15,5/2/2018 12:04,D,3.8789999999999996,3.8760000000000003,870,1,0.74,0,403.8,8460,20,19,625.0,0,3,1,2,10.5,1,1,4,29,875,-14.8,37,403.3,-2.3,in motion,0
car_id_15,5/2/2018 13:18,<U+5012><U+6321>,3.863,3.859,0,1,0.73,6,402.0,8595,20,19,625.0,0,3,0,1,2.7,1,2,1,30,761,16.0,33,401.5,4.3,,0
car_id_15,5/2/2018 13:18,<U+5012><U+6321>,3.841,3.8360000000000003,0,1,0.73,13,399.8,8620,20,19,625.0,1,3,0,1,2.8,1,2,1,31,770,47.0,35,399.3,11.5,stationary,0
car_id_15,5/2/2018 13:19,<U+5012><U+6321>,3.813,3.807,0,1,0.73,9,399.5,8800,20,19,625.0,0,3,1,1,1.3,1,2,1,32,591,36.0,36,399.0,6.5,stationary,0
car_id_15,5/2/2018 13:19,P,3.86,3.8560000000000003,0,1,0.73,3,401.0,8820,20,19,625.0,0,3,0,1,0.0,1,2,4,32,0,0.0,36,400.5,0.0,stationary,0
car_id_15,5/2/2018 14:53,D,3.859,3.855,0,1,0.72,4,401.3,8680,20,19,625.0,1,3,0,1,1.9,1,2,4,26,466,12.0,28,400.8,2.5,,0
car_id_15,5/2/2018 14:54,P,3.852,3.8489999999999998,0,1,0.72,2,400.8,8670,20,19,625.0,1,3,0,1,0.0,1,2,4,28,0,0.0,29,400.5,0.0,stationary,0
car_id_15,5/3/2018 13:32,P,3.875,3.872,1208,1,0.72,1,403.0,6915,23,22,625.0,0,3,0,2,0.0,1,1,4,29,1195,-17.8,23,402.8,-3.8,,0
car_id_15,5/3/2018 13:32,P,3.8739999999999997,3.8710000000000004,781,1,0.72,0,403.3,6745,23,22,625.0,0,3,0,2,0.0,1,1,2,30,783,-30.8,23,402.8,-4.8,stationary,0
car_id_15,5/3/2018 13:33,P,3.8739999999999997,3.8710000000000004,762,1,0.72,0,403.3,6595,23,22,625.0,0,3,0,2,0.0,1,1,2,31,761,-33.8,24,402.8,-5.0,stationary,0
car_id_15,5/3/2018 13:33,P,3.875,3.872,757,1,0.72,0,403.3,6950,23,22,625.0,0,3,0,2,0.0,1,1,2,31,759,-34.8,25,402.8,-5.3,stationary,0
car_id_15,5/3/2018 13:34,P,3.8739999999999997,3.8710000000000004,759,1,0.72,0,403.3,7160,23,22,625.0,0,3,0,2,0.0,1,1,2,32,756,-34.8,26,402.8,-5.3,stationary,0
car_id_15,5/3/2018 13:34,P,3.8739999999999997,3.8710000000000004,941,1,0.72,0,403.3,7385,23,22,625.0,0,3,0,2,0.0,1,1,2,32,941,-29.8,27,402.8,-5.8,stationary,0
car_id_15,5/3/2018 13:35,P,3.8739999999999997,3.8710000000000004,937,1,0.72,0,403.3,7355,23,22,625.0,0,3,0,2,0.0,1,1,2,32,933,-30.8,27,402.8,-6.3,stationary,0
car_id_15,5/3/2018 13:35,P,3.8739999999999997,3.8710000000000004,944,1,0.72,0,403.3,7545,23,22,625.0,0,3,0,2,0.0,1,1,2,33,941,-30.8,28,402.8,-5.8,stationary,0
car_id_15,5/3/2018 13:36,P,3.8739999999999997,3.8710000000000004,945,1,0.72,0,403.3,7610,23,22,625.0,0,3,0,2,0.0,1,1,2,33,939,-28.8,29,402.8,-5.5,stationary,0
car_id_15,5/3/2018 13:36,P,3.8739999999999997,3.8710000000000004,936,1,0.72,0,403.3,7695,23,22,625.0,0,3,0,2,0.0,1,1,2,33,937,-27.8,29,402.8,-5.0,stationary,0
car_id_15,5/3/2018 13:37,P,3.8739999999999997,3.8710000000000004,935,1,0.72,0,403.3,7665,23,22,625.0,0,3,0,2,0.0,1,1,2,33,939,-26.8,30,402.8,-5.0,stationary,0
car_id_15,5/3/2018 13:37,P,3.875,3.8710000000000004,939,1,0.72,0,403.3,7755,23,22,625.0,0,3,0,2,0.0,1,1,2,33,941,-25.8,30,402.8,-4.8,stationary,0
car_id_15,5/3/2018 13:38,P,3.8739999999999997,3.8710000000000004,939,1,0.72,0,403.3,7670,23,22,625.0,0,3,0,2,0.0,1,1,2,33,939,-24.8,31,402.8,-4.5,stationary,0
car_id_15,5/3/2018 13:38,P,3.875,3.872,941,1,0.72,0,403.3,7810,23,22,625.0,0,3,0,2,0.0,1,1,2,33,943,-24.8,32,402.8,-4.5,stationary,0
car_id_15,5/3/2018 13:39,P,3.875,3.872,938,1,0.72,0,403.3,7670,23,22,625.0,0,3,0,2,0.0,1,1,2,34,939,-23.8,32,402.8,-4.5,stationary,0
car_id_15,5/3/2018 13:39,P,3.8739999999999997,3.8710000000000004,938,1,0.72,0,403.3,7750,23,22,625.0,0,3,0,2,0.0,1,1,2,34,940,-22.8,33,402.8,-4.3,stationary,0
car_id_15,5/3/2018 13:40,P,3.8739999999999997,3.8710000000000004,942,1,0.72,0,403.3,7670,23,22,625.0,0,3,0,2,0.0,1,1,2,34,942,-22.8,33,402.8,-4.3,stationary,0
car_id_15,5/3/2018 13:40,P,3.8739999999999997,3.8710000000000004,763,1,0.72,0,403.0,7695,23,22,625.0,0,3,0,2,0.0,1,1,4,34,764,-24.8,34,402.8,-3.8,stationary,0
car_id_15,5/8/2018 8:05,D,3.853,3.85,0,1,0.71,1,401.0,9400,18,17,626.0,1,3,0,1,0.0,1,2,4,18,0,0.0,18,400.5,0.0,,0
car_id_15,5/8/2018 8:06,P,3.86,3.8560000000000003,0,1,0.71,0,401.5,9020,18,17,626.0,0,3,0,1,0.0,1,2,3,19,0,0.0,18,401.3,0.0,stationary,0
car_id_15,5/8/2018 8:07,P,3.86,3.8569999999999998,0,1,0.71,1,401.8,8985,18,17,626.0,0,3,0,1,0.0,1,2,3,19,0,0.0,18,401.3,0.0,in motion,0
car_id_15,5/8/2018 8:07,P,3.86,3.8569999999999998,0,1,0.71,1,401.5,9305,18,17,626.0,0,3,0,1,0.0,1,2,3,19,0,0.0,18,401.3,0.0,stationary,0
car_id_15,5/8/2018 8:08,P,3.86,3.8569999999999998,0,1,0.71,1,401.8,8755,18,17,626.0,0,3,0,1,0.0,1,2,3,20,0,0.0,18,401.3,0.0,stationary,0
car_id_15,5/8/2018 8:08,P,3.86,3.8569999999999998,0,1,0.71,1,401.8,9235,18,17,626.0,0,3,0,1,0.0,1,2,3,20,0,0.0,18,401.3,0.0,stationary,0
car_id_15,5/8/2018 8:09,P,3.86,3.8569999999999998,0,1,0.71,1,401.5,8755,18,17,626.0,0,3,0,1,0.0,1,2,3,20,0,0.0,18,401.3,0.0,stationary,0
car_id_15,5/8/2018 8:09,P,3.86,3.8569999999999998,0,1,0.71,1,401.5,9305,18,17,626.0,0,3,0,1,0.0,1,2,3,20,0,0.0,18,401.3,0.0,stationary,0
car_id_15,5/8/2018 8:10,P,3.86,3.8569999999999998,0,1,0.71,1,401.5,8755,18,17,626.0,0,3,0,1,0.0,1,2,3,20,0,0.0,18,401.3,0.0,stationary,0
car_id_15,5/8/2018 8:10,P,3.86,3.8560000000000003,0,1,0.71,1,401.5,9305,18,17,626.0,0,3,0,1,0.0,1,2,3,21,0,0.0,18,401.3,0.0,stationary,0
car_id_15,5/8/2018 8:11,P,3.86,3.8560000000000003,0,1,0.71,1,401.5,8755,18,17,626.0,0,3,0,1,0.0,1,2,3,21,0,0.0,18,401.3,0.0,stationary,0
car_id_15,5/8/2018 8:11,P,3.859,3.8560000000000003,0,1,0.71,1,401.5,9305,18,17,626.0,0,3,0,1,0.0,1,2,3,21,0,0.0,18,401.3,0.0,stationary,0
car_id_15,5/8/2018 8:12,P,3.859,3.8560000000000003,0,1,0.71,1,401.5,8750,18,17,626.0,0,3,0,1,0.0,1,2,3,21,0,0.0,18,401.3,0.0,stationary,0
car_id_15,5/8/2018 8:12,P,3.859,3.8560000000000003,0,1,0.71,1,401.5,9300,18,17,626.0,0,3,0,1,0.0,1,2,3,21,0,0.0,18,401.0,0.0,stationary,0
car_id_15,5/8/2018 8:13,P,3.859,3.855,0,1,0.71,1,401.5,8745,18,17,626.0,0,3,0,1,0.0,1,2,3,22,0,0.0,18,401.0,0.0,stationary,0
car_id_15,5/8/2018 8:13,P,3.858,3.855,0,1,0.71,1,401.5,9295,18,17,626.0,0,3,0,1,0.0,1,2,3,22,0,0.0,18,401.0,0.0,stationary,0
car_id_15,5/8/2018 8:14,P,3.858,3.855,0,1,0.71,1,401.5,8750,18,17,626.0,0,3,0,1,0.0,1,2,3,22,0,0.0,18,401.0,0.0,stationary,0
car_id_15,5/8/2018 8:14,P,3.858,3.855,0,1,0.71,1,401.3,9295,18,17,626.0,0,3,0,1,0.0,1,2,3,22,0,0.0,18,401.0,0.0,in motion,0
car_id_15,5/8/2018 8:15,P,3.858,3.8539999999999996,0,1,0.71,1,401.3,8815,18,17,626.0,0,3,0,1,0.0,1,2,3,22,0,0.0,18,401.0,0.0,stationary,0
car_id_15,5/8/2018 8:15,P,3.858,3.8539999999999996,0,1,0.71,1,401.3,9295,18,17,626.0,0,3,0,1,0.0,1,2,3,22,0,0.0,18,401.0,0.0,stationary,0
car_id_15,5/8/2018 8:16,P,3.8569999999999998,3.8539999999999996,0,1,0.71,1,401.3,8810,18,17,626.0,0,3,0,1,0.0,1,2,3,23,0,0.0,18,401.0,0.0,stationary,0
car_id_15,5/8/2018 8:16,P,3.8569999999999998,3.8539999999999996,0,1,0.71,1,401.3,9295,18,17,626.0,0,3,0,1,0.0,1,2,3,23,0,0.0,18,401.0,0.0,stationary,0
car_id_15,5/8/2018 8:17,P,3.8569999999999998,3.853,0,1,0.71,1,401.3,8875,18,17,626.0,0,3,0,1,0.0,1,2,3,23,0,0.0,18,401.0,0.0,stationary,0
car_id_15,5/8/2018 8:17,P,3.8560000000000003,3.853,0,1,0.71,1,401.3,9290,18,17,626.0,0,3,0,1,0.0,1,2,3,23,0,0.0,18,400.8,0.0,stationary,0
car_id_15,5/8/2018 8:18,P,3.8560000000000003,3.853,0,1,0.71,1,401.3,8940,18,17,626.0,0,3,0,1,0.0,1,2,3,23,0,0.0,18,400.8,0.0,stationary,0
car_id_15,5/8/2018 8:18,P,3.8560000000000003,3.852,0,1,0.7,1,401.3,9290,18,17,626.0,0,3,0,1,0.0,1,2,3,23,0,0.0,18,400.8,0.0,stationary,0
car_id_15,5/8/2018 8:19,P,3.8560000000000003,3.852,0,1,0.7,1,401.3,9010,18,17,626.0,0,3,0,1,0.0,1,2,3,24,0,0.0,18,400.8,0.0,stationary,0
car_id_15,5/8/2018 8:19,P,3.855,3.852,0,1,0.7,1,401.0,9290,18,17,626.0,0,3,0,1,0.0,1,2,3,24,0,0.0,18,400.8,0.0,stationary,0
car_id_15,5/8/2018 8:20,P,3.855,3.852,0,1,0.7,1,401.0,9010,18,17,626.0,0,3,0,1,0.0,1,2,3,24,0,0.0,18,400.8,0.0,stationary,0
car_id_15,5/8/2018 8:20,P,3.855,3.852,0,1,0.7,1,401.0,9290,18,17,626.0,0,3,0,1,0.0,1,2,3,24,0,0.0,18,400.8,0.0,stationary,0
car_id_15,5/8/2018 8:21,P,3.855,3.8510000000000004,0,1,0.7,1,401.0,8735,18,17,626.0,0,3,0,1,0.0,1,2,3,24,0,0.0,18,400.8,0.0,stationary,0
car_id_15,5/8/2018 8:21,P,3.8539999999999996,3.8510000000000004,0,1,0.7,1,401.0,9290,18,17,626.0,0,3,0,1,0.0,1,2,3,24,0,0.0,18,400.8,0.0,stationary,0
car_id_15,5/8/2018 8:22,P,3.8539999999999996,3.8510000000000004,0,1,0.7,1,401.0,8605,18,17,626.0,0,3,0,1,0.0,1,2,3,25,0,0.0,18,400.5,0.0,stationary,0
car_id_15,5/8/2018 8:22,P,3.8539999999999996,3.8510000000000004,0,1,0.7,1,401.0,9355,18,17,626.0,0,3,0,1,0.0,1,2,3,25,0,0.0,18,400.5,0.0,stationary,0
car_id_15,5/8/2018 8:23,P,3.8539999999999996,3.85,0,1,0.7,1,401.0,8535,18,17,626.0,0,3,0,1,0.0,1,2,3,25,0,0.0,18,400.5,0.0,stationary,0
car_id_15,5/8/2018 8:23,P,3.853,3.85,0,1,0.7,1,400.8,9355,18,17,626.0,0,3,0,1,0.0,1,2,3,25,0,0.0,18,400.5,0.0,stationary,0
car_id_15,5/8/2018 8:24,P,3.853,3.85,0,1,0.7,1,400.8,8470,18,17,626.0,0,3,0,1,0.0,1,2,3,25,0,0.0,18,400.5,0.0,stationary,0
car_id_15,5/8/2018 8:24,P,3.853,3.8489999999999998,0,1,0.7,1,400.8,9350,18,17,626.0,0,3,0,1,0.0,1,2,3,25,0,0.0,18,400.5,0.0,stationary,0
car_id_15,5/8/2018 8:25,P,3.853,3.8489999999999998,0,1,0.7,1,400.8,8470,18,17,626.0,0,3,0,1,0.0,1,2,3,26,0,0.0,18,400.5,0.0,stationary,0
car_id_15,5/8/2018 8:25,P,3.853,3.8489999999999998,0,1,0.7,1,400.8,9350,18,17,626.0,0,3,0,1,0.0,1,2,3,26,0,0.0,18,400.5,0.0,stationary,0
car_id_15,5/8/2018 8:26,P,3.852,3.8489999999999998,0,1,0.7,1,400.8,8470,18,17,626.0,0,3,0,1,0.0,1,2,3,26,0,0.0,18,400.5,0.0,stationary,0
car_id_15,5/8/2018 8:26,P,3.852,3.8489999999999998,0,1,0.7,1,400.8,9350,18,17,626.0,0,3,0,1,0.0,1,2,3,26,0,0.0,18,400.5,0.0,stationary,0
car_id_15,5/8/2018 8:27,P,3.852,3.8489999999999998,0,1,0.7,1,400.8,8465,18,17,626.0,0,3,0,1,0.0,1,2,3,26,0,0.0,18,400.5,0.0,stationary,0
car_id_15,5/8/2018 8:27,P,3.8510000000000004,3.8480000000000003,0,1,0.7,1,400.8,9345,18,17,626.0,0,3,0,1,0.0,1,2,3,26,0,0.0,18,400.3,0.0,stationary,0
car_id_15,5/8/2018 8:28,P,3.852,3.8480000000000003,0,1,0.7,1,400.8,8465,18,17,626.0,0,3,0,1,0.0,1,2,3,26,0,0.0,18,400.3,0.0,in motion,0
car_id_15,5/8/2018 8:28,P,3.8510000000000004,3.8480000000000003,0,1,0.7,1,400.8,9420,18,17,626.0,0,3,0,1,0.0,1,2,3,26,0,0.0,18,400.3,0.0,in motion,0
car_id_15,5/8/2018 8:29,P,3.8510000000000004,3.8480000000000003,0,1,0.7,1,400.8,8465,18,17,626.0,0,3,0,1,0.0,1,2,3,27,0,0.0,18,400.3,0.0,stationary,0
car_id_15,5/8/2018 8:29,P,3.8510000000000004,3.847,0,1,0.7,1,400.5,9415,18,17,626.0,0,3,0,1,0.0,1,2,3,27,0,0.0,18,400.3,0.0,stationary,0
car_id_15,5/8/2018 8:30,P,3.85,3.847,0,1,0.7,1,400.5,8460,18,17,626.0,0,3,0,1,0.0,1,2,3,27,0,0.0,18,400.3,0.0,stationary,0
car_id_15,5/8/2018 8:30,P,3.85,3.847,0,1,0.7,1,400.5,9415,18,17,626.0,0,3,0,1,0.0,1,2,3,27,0,0.0,18,400.3,0.0,in motion,0
car_id_15,5/8/2018 8:31,P,3.85,3.846,0,1,0.7,1,400.5,8465,18,17,626.0,0,3,0,1,0.0,1,2,3,27,0,0.0,18,400.3,0.0,stationary,0
car_id_15,5/8/2018 8:31,P,3.85,3.846,0,1,0.7,1,400.5,9415,18,17,626.0,0,3,0,1,0.0,1,2,3,27,0,0.0,18,400.0,0.0,stationary,0
car_id_15,5/8/2018 8:32,P,3.8489999999999998,3.846,0,1,0.7,1,400.5,8460,18,17,626.0,0,3,0,1,0.0,1,2,3,27,0,0.0,18,400.0,0.0,stationary,0
car_id_15,5/8/2018 8:32,P,3.8489999999999998,3.846,0,1,0.7,1,400.5,9410,18,17,626.0,0,3,0,1,0.0,1,2,3,27,0,0.0,18,400.0,0.0,stationary,0
car_id_15,5/8/2018 8:33,P,3.8489999999999998,3.846,0,1,0.7,1,400.5,8460,18,17,626.0,0,3,0,1,0.0,1,2,3,28,0,0.0,18,400.0,0.0,stationary,0
car_id_15,5/8/2018 8:33,P,3.8489999999999998,3.845,0,1,0.7,1,400.5,9410,18,17,626.0,0,3,0,1,0.0,1,2,3,28,0,0.0,18,400.0,0.0,stationary,0
car_id_15,5/8/2018 8:34,P,3.8489999999999998,3.845,0,1,0.7,1,400.5,8525,18,17,626.0,0,3,0,1,0.0,1,2,3,28,0,0.0,18,400.0,0.0,stationary,0
car_id_15,5/8/2018 8:34,P,3.8480000000000003,3.845,0,1,0.7,1,400.5,9410,18,17,626.0,0,3,0,1,0.0,1,2,3,28,0,0.0,18,400.0,0.0,stationary,0
car_id_15,5/8/2018 8:35,P,3.8480000000000003,3.845,0,1,0.7,1,400.3,8525,18,17,626.0,0,3,0,1,0.0,1,2,3,28,0,0.0,18,400.0,0.0,stationary,0
car_id_15,5/8/2018 8:35,P,3.8480000000000003,3.845,0,1,0.7,1,400.3,9410,18,17,626.0,0,3,0,1,0.0,1,2,3,28,0,0.0,18,400.0,0.0,stationary,0
car_id_15,5/8/2018 8:36,P,3.8480000000000003,3.844,0,1,0.7,1,400.3,8525,18,17,626.0,0,3,0,1,0.0,1,2,3,28,0,0.0,18,400.0,0.0,stationary,0
car_id_15,5/8/2018 8:36,P,3.847,3.844,0,1,0.7,1,400.3,9410,18,17,626.0,0,3,0,1,0.0,1,2,3,28,0,0.0,18,400.0,0.0,stationary,0
car_id_15,5/8/2018 8:37,P,3.847,3.844,0,1,0.69,1,400.3,8520,18,17,626.0,0,3,0,1,0.0,1,2,3,28,0,0.0,18,400.0,0.0,stationary,0
car_id_15,5/8/2018 8:37,P,3.847,3.844,0,1,0.69,1,400.3,9410,18,17,626.0,0,3,0,1,0.0,1,2,3,29,0,0.0,18,400.0,0.0,stationary,0
car_id_15,5/8/2018 8:38,P,3.847,3.843,0,1,0.69,1,400.3,8520,18,17,626.0,0,3,0,1,0.0,1,2,3,29,0,0.0,18,399.8,0.0,in motion,0
car_id_15,5/8/2018 8:38,P,3.847,3.843,0,1,0.69,1,400.3,9410,18,17,626.0,0,3,0,1,0.0,1,2,3,29,0,0.0,18,399.8,0.0,in motion,0
car_id_15,5/8/2018 8:39,P,3.846,3.843,0,1,0.69,1,400.0,8520,18,17,626.0,0,3,0,1,0.0,1,2,3,29,0,0.0,18,399.8,0.0,in motion,0
car_id_15,5/8/2018 8:39,P,3.846,3.843,0,1,0.69,1,400.0,9405,18,17,626.0,0,3,0,1,0.0,1,2,3,29,0,0.0,18,399.8,0.0,stationary,0
car_id_15,5/8/2018 8:40,P,3.846,3.843,0,1,0.69,1,400.0,8520,18,17,626.0,0,3,0,1,0.0,1,2,3,29,0,0.0,18,399.8,0.0,stationary,0
car_id_15,5/8/2018 8:40,P,3.846,3.842,0,1,0.69,1,400.0,9405,18,17,626.0,0,3,0,1,0.0,1,2,3,29,0,0.0,18,399.8,0.0,in motion,0
car_id_15,5/8/2018 8:41,P,3.845,3.842,0,1,0.69,1,400.0,8515,18,17,626.0,0,3,0,1,0.0,1,2,3,29,0,0.0,18,399.8,0.0,stationary,0
car_id_15,5/8/2018 8:41,P,3.845,3.842,0,1,0.69,1,400.0,9475,18,17,626.0,0,3,0,1,0.0,1,2,3,29,0,0.0,18,399.8,0.0,stationary,0
car_id_15,5/8/2018 8:42,P,3.845,3.842,0,1,0.69,1,400.0,8515,18,17,626.0,0,3,0,1,0.0,1,2,3,29,0,0.0,18,399.8,0.0,stationary,0
car_id_15,5/8/2018 8:42,P,3.845,3.841,0,1,0.69,1,400.0,9400,18,17,626.0,0,3,0,1,0.0,1,2,3,29,0,0.0,18,399.8,0.0,stationary,0
car_id_15,5/8/2018 8:43,P,3.844,3.841,0,1,0.69,1,400.0,8575,18,17,626.0,0,3,0,1,0.0,1,2,3,30,0,0.0,18,399.8,0.0,stationary,0
car_id_15,5/8/2018 8:43,P,3.844,3.841,0,1,0.69,1,400.0,9465,18,17,626.0,0,3,0,1,0.0,1,2,3,30,0,0.0,18,399.5,0.0,stationary,0
car_id_15,5/8/2018 8:44,P,3.844,3.841,0,1,0.69,1,400.0,8575,18,17,626.0,0,3,0,1,0.0,1,2,3,30,0,0.0,18,399.5,0.0,stationary,0
car_id_15,5/8/2018 8:44,P,3.844,3.84,0,1,0.69,1,399.8,9465,18,17,626.0,0,3,0,1,0.0,1,2,3,30,0,0.0,18,399.5,0.0,stationary,0
car_id_15,5/8/2018 8:45,P,3.844,3.84,0,1,0.69,1,399.8,8575,18,17,626.0,0,3,0,1,0.0,1,2,3,30,0,0.0,18,399.5,0.0,in motion,0
car_id_15,5/8/2018 8:45,P,3.843,3.84,0,1,0.69,1,399.8,9465,18,17,626.0,0,3,0,1,0.0,1,2,3,30,0,0.0,18,399.5,0.0,stationary,0
car_id_15,5/8/2018 8:46,P,3.843,3.84,0,1,0.69,1,399.8,8575,18,17,626.0,0,3,0,1,0.0,1,2,3,30,0,0.0,18,399.5,0.0,in motion,0
car_id_15,5/8/2018 8:46,P,3.843,3.839,0,1,0.69,1,399.8,9465,18,17,626.0,0,3,0,1,0.0,1,2,3,30,0,0.0,18,399.5,0.0,in motion,0
car_id_15,5/8/2018 8:47,P,3.843,3.839,0,1,0.69,1,399.8,8575,18,17,626.0,0,3,0,1,0.0,1,2,3,30,0,0.0,18,399.5,0.0,in motion,0
car_id_15,5/8/2018 8:47,P,3.843,3.839,0,1,0.69,1,399.8,9460,18,17,626.0,0,3,0,1,0.0,1,2,3,30,0,0.0,18,399.5,0.0,stationary,0
car_id_15,5/8/2018 8:48,P,3.842,3.839,0,1,0.69,1,399.8,8510,18,17,626.0,0,3,0,1,0.0,1,2,3,30,0,0.0,18,399.3,0.0,stationary,0
car_id_15,5/8/2018 8:48,P,3.842,3.839,0,1,0.69,1,399.8,9460,18,17,626.0,0,3,0,1,0.0,1,2,3,31,0,0.0,18,399.3,0.0,stationary,0
car_id_15,5/8/2018 8:49,P,3.842,3.838,0,1,0.69,1,399.5,8565,18,17,626.0,0,3,0,1,0.0,1,2,3,31,0,0.0,18,399.3,0.0,stationary,0
car_id_15,5/8/2018 8:49,P,3.842,3.838,0,1,0.69,1,399.5,9460,18,17,626.0,0,3,0,1,0.0,1,2,3,31,0,0.0,18,399.3,0.0,stationary,0
car_id_15,5/8/2018 8:50,P,3.841,3.838,0,1,0.69,1,399.5,8565,18,17,626.0,0,3,0,1,0.0,1,2,3,31,0,0.0,18,399.3,0.0,stationary,0
car_id_15,5/8/2018 8:50,P,3.841,3.838,0,1,0.69,1,399.5,9455,18,17,626.0,0,3,0,1,0.0,1,2,3,31,0,0.0,18,399.3,0.0,stationary,0
car_id_15,5/8/2018 8:51,P,3.841,3.838,0,1,0.69,1,399.5,8505,18,17,626.0,0,3,0,1,0.0,1,2,3,31,0,0.0,18,399.3,0.0,stationary,0
car_id_15,5/8/2018 8:51,P,3.841,3.8369999999999997,0,1,0.69,1,399.5,9460,18,17,626.0,0,3,0,1,0.0,1,2,3,31,0,0.0,18,399.3,0.0,stationary,0
car_id_15,5/8/2018 8:52,P,3.84,3.8369999999999997,0,1,0.69,1,399.5,8565,18,18,626.0,0,3,0,1,0.0,1,2,3,31,0,0.0,18,399.3,0.0,stationary,0
car_id_15,5/8/2018 8:52,P,3.84,3.8369999999999997,0,1,0.69,1,399.5,9455,18,17,626.0,0,3,0,1,0.0,1,2,3,31,0,0.0,18,399.3,0.0,stationary,0
car_id_15,5/8/2018 8:53,P,3.84,3.8369999999999997,0,1,0.69,1,399.5,8565,18,17,626.0,0,3,0,1,0.0,1,2,3,31,0,0.0,18,399.0,0.0,stationary,0
car_id_15,5/8/2018 8:53,P,3.84,3.8360000000000003,0,1,0.69,1,399.5,9450,18,17,626.0,0,3,0,1,0.0,1,2,3,31,0,0.0,18,399.0,0.0,in motion,0
car_id_15,5/8/2018 8:54,P,3.84,3.8360000000000003,0,1,0.69,1,399.5,8565,18,17,626.0,0,3,0,1,0.0,1,2,3,31,0,0.0,18,399.0,0.0,in motion,0
car_id_15,5/8/2018 8:54,P,3.839,3.8360000000000003,0,1,0.69,1,399.5,9455,18,17,626.0,0,3,0,1,0.0,1,2,3,31,0,0.0,18,399.0,0.0,stationary,0
car_id_15,5/8/2018 8:55,P,3.839,3.8360000000000003,0,1,0.69,1,399.5,8560,18,17,626.0,0,3,0,1,0.0,1,2,3,32,1,0.0,18,399.0,0.0,stationary,0
car_id_15,5/8/2018 8:55,P,3.839,3.835,0,1,0.69,1,399.5,9450,18,17,626.0,0,3,0,1,0.0,1,2,3,32,0,0.0,18,399.0,0.0,stationary,0
car_id_15,5/8/2018 8:56,P,3.839,3.835,0,1,0.68,1,399.3,8565,18,18,626.0,0,3,0,1,0.0,1,2,3,32,0,0.0,18,399.0,0.0,stationary,0
car_id_15,5/8/2018 8:56,P,3.838,3.835,0,1,0.68,1,399.3,9525,18,17,626.0,0,3,0,1,0.0,1,2,3,32,0,0.0,18,399.0,0.0,stationary,0
car_id_15,5/8/2018 8:57,P,3.838,3.835,0,1,0.68,1,399.3,8625,18,17,626.0,0,3,0,1,0.0,1,2,3,32,0,0.0,18,399.0,0.0,stationary,0
car_id_15,5/8/2018 8:57,P,3.838,3.8339999999999996,0,1,0.68,1,399.3,9450,18,17,626.0,0,3,0,1,0.0,1,2,3,32,0,0.0,18,399.0,0.0,in motion,0
car_id_15,5/8/2018 8:58,P,3.838,3.8339999999999996,0,1,0.68,1,399.3,8620,18,18,626.0,0,3,0,1,0.0,1,2,3,32,0,0.0,18,399.0,0.0,in motion,0
car_id_15,5/8/2018 8:58,P,3.838,3.8339999999999996,0,1,0.68,1,399.3,9450,18,17,626.0,0,3,0,1,0.0,1,2,3,32,0,0.0,18,399.0,0.0,in motion,0
car_id_15,5/8/2018 8:59,P,3.8369999999999997,3.8339999999999996,0,1,0.68,1,399.3,8620,18,17,626.0,0,3,0,1,0.0,1,2,3,32,0,0.0,18,398.8,0.0,stationary,0
car_id_15,5/8/2018 8:59,P,3.8369999999999997,3.8339999999999996,0,1,0.68,1,399.3,9520,18,17,626.0,0,3,0,1,0.0,1,2,3,32,0,0.0,18,398.8,0.0,in motion,0
car_id_15,5/8/2018 9:10,P,3.838,3.835,0,1,0.68,1,399.3,9240,19,17,626.0,0,3,0,1,0.0,1,2,3,30,0,0.0,20,399.0,0.0,,0
car_id_15,5/8/2018 9:11,P,3.838,3.8339999999999996,0,1,0.68,1,399.3,8710,18,17,626.0,0,3,0,1,0.0,1,2,3,30,0,0.0,20,399.0,0.0,in motion,0
car_id_15,5/8/2018 9:11,P,3.8369999999999997,3.833,0,1,0.68,1,399.3,9525,19,18,626.0,0,3,0,1,0.0,1,2,3,30,0,0.0,20,398.8,0.0,stationary,0
car_id_15,5/8/2018 9:12,P,3.8369999999999997,3.833,0,1,0.68,1,399.3,8625,19,17,626.0,0,3,0,1,0.0,1,2,3,30,0,0.0,20,398.8,0.0,stationary,0
car_id_15,5/8/2018 9:12,P,3.8360000000000003,3.833,0,1,0.68,1,399.3,9515,19,18,626.0,0,3,0,1,0.0,1,2,3,30,0,0.0,19,398.8,0.0,stationary,0
car_id_15,5/8/2018 9:13,P,3.8360000000000003,3.833,0,1,0.68,1,399.3,8620,19,17,626.0,0,3,0,1,0.0,1,2,3,30,0,0.0,19,398.8,0.0,stationary,0
car_id_15,5/8/2018 9:13,P,3.8360000000000003,3.832,0,1,0.68,1,399.0,9515,19,17,626.0,0,3,0,1,0.0,1,2,3,31,0,0.0,19,398.8,0.0,stationary,0
car_id_15,5/8/2018 9:14,P,3.835,3.832,0,1,0.68,1,399.0,8615,19,18,626.0,0,3,0,1,0.0,1,2,3,31,0,0.0,19,398.8,0.0,stationary,0
car_id_15,5/8/2018 9:14,P,3.835,3.832,0,1,0.68,1,399.0,9510,19,18,626.0,0,3,0,1,0.0,1,2,3,31,0,0.0,19,398.8,0.0,stationary,0
car_id_15,5/8/2018 9:15,P,3.835,3.8310000000000004,0,1,0.68,1,399.0,8555,19,18,626.0,0,3,0,1,0.0,1,2,3,31,0,0.0,19,398.5,0.0,stationary,0
car_id_15,5/8/2018 9:15,P,3.8339999999999996,3.8310000000000004,0,1,0.68,1,399.0,9510,19,18,626.0,0,3,0,1,0.0,1,2,3,31,0,0.0,19,398.5,0.0,stationary,0
car_id_15,5/8/2018 9:16,P,3.8339999999999996,3.83,0,1,0.68,1,398.8,8555,19,18,626.0,0,3,0,1,0.0,1,2,3,31,0,0.0,19,398.5,0.0,stationary,0
car_id_15,5/8/2018 9:16,P,3.8339999999999996,3.83,0,1,0.68,1,398.8,9505,19,18,626.0,0,3,0,1,0.0,1,2,3,31,0,0.0,19,398.5,0.0,stationary,0
car_id_15,5/8/2018 9:17,P,3.833,3.83,0,1,0.68,1,398.8,8550,19,18,626.0,0,3,0,1,0.0,1,2,3,31,0,0.0,19,398.5,0.0,stationary,0
car_id_15,5/8/2018 9:17,P,3.833,3.83,0,1,0.68,1,398.8,9500,19,18,626.0,0,3,0,1,0.0,1,2,3,31,0,0.0,18,398.5,0.0,stationary,0
car_id_15,5/8/2018 9:18,P,3.833,3.8289999999999997,0,1,0.68,1,398.8,8545,19,17,626.0,0,3,0,1,0.0,1,2,3,31,0,0.0,18,398.3,0.0,stationary,0
car_id_15,5/8/2018 9:18,P,3.833,3.8289999999999997,0,1,0.68,1,398.8,9500,19,17,626.0,0,3,0,1,0.0,1,2,3,32,0,0.0,18,398.3,0.0,stationary,0
car_id_15,5/8/2018 9:19,P,3.832,3.8289999999999997,0,1,0.68,1,398.8,8545,19,17,626.0,0,3,0,1,0.0,1,2,3,32,0,0.0,18,398.3,0.0,stationary,0
car_id_15,5/8/2018 9:19,P,3.832,3.8289999999999997,0,1,0.68,1,398.8,9500,19,17,626.0,0,3,0,1,0.0,1,2,3,32,0,0.0,18,398.3,0.0,stationary,0
car_id_15,5/8/2018 9:20,P,3.832,3.8280000000000003,0,1,0.68,1,398.8,8540,19,18,626.0,0,3,0,1,0.0,1,2,3,32,0,0.0,18,398.3,0.0,stationary,0
car_id_15,5/8/2018 9:20,P,3.8310000000000004,3.8280000000000003,0,1,0.68,1,398.5,9495,19,18,626.0,0,3,0,1,0.0,1,2,3,32,0,0.0,18,398.3,0.0,stationary,0
car_id_15,5/8/2018 9:21,P,3.8310000000000004,3.8280000000000003,0,1,0.68,1,398.5,8540,19,18,626.0,0,3,0,1,0.0,1,2,3,32,0,0.0,18,398.3,0.0,stationary,0
car_id_15,5/8/2018 9:21,P,3.8310000000000004,3.827,0,1,0.68,1,398.5,9490,19,18,626.0,0,3,0,1,0.0,1,2,3,32,0,0.0,18,398.3,0.0,stationary,0
car_id_15,5/8/2018 9:22,P,3.8310000000000004,3.827,0,1,0.68,1,398.5,8600,19,18,626.0,0,3,0,1,0.0,1,2,3,32,0,0.0,18,398.3,0.0,stationary,0
car_id_15,5/8/2018 9:22,P,3.83,3.827,0,1,0.68,1,398.5,9495,19,18,626.0,0,3,0,1,0.0,1,2,3,32,0,0.0,18,398.3,0.0,stationary,0
car_id_15,5/8/2018 9:23,P,3.83,3.826,0,1,0.68,1,398.5,8595,19,18,626.0,0,3,0,1,0.0,1,2,3,32,0,0.0,18,398.0,0.0,stationary,0
car_id_15,5/8/2018 9:23,P,3.83,3.826,0,1,0.68,1,398.5,9565,19,18,626.0,0,3,0,1,0.0,1,2,3,32,0,0.0,18,398.0,0.0,stationary,0
car_id_15,5/8/2018 9:24,P,3.83,3.826,0,1,0.68,1,398.5,8595,19,18,626.0,0,3,0,1,0.0,1,2,3,32,0,0.0,18,398.0,0.0,stationary,0
car_id_15,5/8/2018 9:24,P,3.8289999999999997,3.825,0,1,0.67,1,398.5,9565,19,18,626.0,0,3,0,1,0.0,1,2,3,33,0,0.0,18,398.0,0.0,stationary,0
car_id_15,5/8/2018 9:25,P,3.8289999999999997,3.826,0,1,0.67,1,398.5,8595,19,18,626.0,0,3,0,1,0.0,1,2,3,33,0,0.0,18,398.0,0.0,stationary,0
car_id_15,5/8/2018 9:25,P,3.8289999999999997,3.825,0,1,0.67,1,398.5,9560,19,18,626.0,0,3,0,1,0.0,1,2,3,33,0,0.0,18,398.0,0.0,stationary,0
car_id_15,5/8/2018 9:26,P,3.8289999999999997,3.825,0,1,0.67,1,398.3,8595,19,18,626.0,0,3,0,1,0.0,1,2,3,33,0,0.0,18,398.0,0.0,stationary,0
car_id_15,5/8/2018 9:26,P,3.8289999999999997,3.825,0,1,0.67,1,398.3,9485,19,18,626.0,0,3,0,1,0.0,1,2,3,33,0,0.0,18,398.0,0.0,stationary,0
car_id_15,5/8/2018 9:27,P,3.8280000000000003,3.825,0,1,0.67,1,398.3,8590,19,18,626.0,0,3,0,1,0.0,1,2,3,33,0,0.0,18,398.0,0.0,stationary,0
car_id_15,5/8/2018 9:27,P,3.8280000000000003,3.824,0,1,0.67,1,398.3,9560,19,18,626.0,0,3,0,1,0.0,1,2,3,33,0,0.0,18,397.8,0.0,in motion,0
car_id_15,5/8/2018 9:28,P,3.8280000000000003,3.824,0,1,0.67,1,398.3,8590,19,18,626.0,0,3,0,1,0.0,1,2,3,33,0,0.0,18,397.8,0.0,in motion,0
car_id_15,5/8/2018 9:28,P,3.827,3.824,0,1,0.67,1,398.3,9560,19,18,626.0,0,3,0,1,0.0,1,2,3,33,0,0.0,18,397.8,0.0,stationary,0
car_id_15,5/8/2018 9:29,P,3.827,3.824,0,1,0.67,1,398.3,8590,19,18,626.0,0,3,0,1,0.0,1,2,3,33,0,0.0,18,397.8,0.0,stationary,0
car_id_15,5/8/2018 9:29,P,3.827,3.823,0,1,0.67,1,398.0,9555,19,18,626.0,0,3,0,1,0.0,1,2,3,33,0,0.0,18,397.8,0.0,stationary,0
car_id_15,5/8/2018 9:30,P,3.827,3.823,0,1,0.67,1,398.0,8585,19,18,626.0,0,3,0,1,0.0,1,2,3,33,0,0.0,18,397.8,0.0,stationary,0
car_id_15,5/8/2018 9:30,P,3.827,3.823,0,1,0.67,1,398.0,9555,19,18,626.0,0,3,0,1,0.0,1,2,3,33,0,0.0,18,397.8,0.0,stationary,0
car_id_15,5/8/2018 9:31,P,3.826,3.822,0,1,0.67,1,398.0,8590,19,18,626.0,0,3,0,1,0.0,1,2,3,33,0,0.0,18,397.8,0.0,stationary,0
car_id_15,5/8/2018 9:31,P,3.826,3.822,0,1,0.67,1,398.0,9555,19,18,626.0,0,3,0,1,0.0,1,2,3,33,0,0.0,18,397.8,0.0,stationary,0
car_id_15,5/8/2018 9:32,P,3.826,3.822,0,1,0.67,1,398.0,8650,19,18,626.0,0,3,0,1,0.0,1,2,3,34,0,0.0,18,397.8,0.0,stationary,0
car_id_15,5/8/2018 9:32,P,3.826,3.822,0,1,0.67,1,398.0,9550,19,18,626.0,0,3,0,1,0.0,1,2,3,34,0,0.0,18,397.8,0.0,stationary,0
car_id_15,5/8/2018 9:33,P,3.825,3.822,0,1,0.67,1,398.0,8645,19,18,626.0,0,3,0,1,0.0,1,2,3,34,0,0.0,18,397.5,0.0,stationary,0
car_id_15,5/8/2018 9:33,P,3.825,3.821,0,1,0.67,1,398.0,9550,19,18,626.0,0,3,0,1,0.0,1,2,3,34,0,0.0,18,397.5,0.0,stationary,0
car_id_15,5/8/2018 9:34,P,3.825,3.821,0,1,0.67,1,398.0,8585,19,18,626.0,0,3,0,1,0.0,1,2,3,34,0,0.0,18,397.5,0.0,in motion,0
car_id_15,5/8/2018 9:34,P,3.825,3.821,0,1,0.67,1,398.0,9545,19,18,626.0,0,3,0,1,0.0,1,2,3,34,0,0.0,18,397.5,0.0,stationary,0
car_id_15,5/8/2018 9:35,P,3.824,3.821,0,1,0.67,1,398.0,8650,19,18,626.0,0,3,0,1,0.0,1,2,3,34,0,0.0,18,397.5,0.0,in motion,0
car_id_15,5/8/2018 9:35,P,3.824,3.82,0,1,0.67,1,397.8,9545,19,18,626.0,0,3,0,1,0.0,1,2,3,34,0,0.0,18,397.5,0.0,in motion,0
car_id_15,5/8/2018 9:36,P,3.824,3.82,0,1,0.67,1,397.8,8645,19,18,626.0,0,3,0,1,0.0,1,2,3,34,0,0.0,18,397.5,0.0,in motion,0
car_id_15,5/8/2018 9:36,P,3.824,3.82,0,1,0.67,1,397.8,9620,19,18,626.0,0,3,0,1,0.0,1,2,3,34,0,0.0,18,397.5,0.0,stationary,0
car_id_15,5/8/2018 9:37,P,3.824,3.82,0,1,0.67,1,397.8,8645,19,18,626.0,0,3,0,1,0.0,1,2,3,34,0,0.0,18,397.5,0.0,stationary,0
car_id_15,5/8/2018 9:37,P,3.823,3.82,0,1,0.67,1,397.8,9545,19,18,626.0,0,3,0,1,0.0,1,2,3,34,0,0.0,18,397.5,0.0,stationary,0
car_id_15,5/8/2018 9:38,P,3.823,3.819,0,1,0.67,1,397.8,8645,19,18,626.0,0,3,0,1,0.0,1,2,3,34,0,0.0,18,397.5,0.0,stationary,0
car_id_15,5/8/2018 9:38,P,3.823,3.819,0,1,0.67,1,397.8,9620,19,18,626.0,0,3,0,1,0.0,1,2,3,34,0,0.0,18,397.5,0.0,stationary,0
car_id_15,5/8/2018 9:39,P,3.823,3.819,0,1,0.67,1,397.8,8640,19,18,626.0,0,3,0,1,0.0,1,2,3,34,0,0.0,18,397.3,0.0,stationary,0
car_id_15,5/8/2018 9:39,P,3.822,3.818,0,1,0.67,1,397.8,9620,19,18,626.0,0,3,0,1,0.0,1,2,3,34,0,0.0,18,397.3,0.0,stationary,0
car_id_15,5/8/2018 9:40,P,3.822,3.818,0,1,0.66,1,397.8,8640,19,18,626.0,0,3,0,1,0.0,1,2,3,35,0,0.0,18,397.3,0.0,stationary,0
car_id_15,5/8/2018 9:40,P,3.822,3.818,0,1,0.66,1,397.8,9620,19,18,626.0,0,3,0,1,0.0,1,2,3,35,0,0.0,18,397.3,0.0,stationary,0
car_id_15,5/8/2018 9:41,P,3.822,3.818,0,1,0.66,1,397.5,8640,19,18,626.0,0,3,0,1,0.0,1,2,3,35,0,0.0,18,397.3,0.0,stationary,0
car_id_15,5/8/2018 9:41,P,3.821,3.8169999999999997,0,1,0.66,1,397.5,9615,19,18,626.0,0,3,0,1,0.0,1,2,3,35,0,0.0,18,397.3,0.0,stationary,0
car_id_15,5/8/2018 9:42,P,3.821,3.8169999999999997,0,1,0.66,1,397.5,8640,19,18,626.0,0,3,0,1,0.0,1,2,3,35,0,0.0,18,397.3,0.0,stationary,0
car_id_15,5/8/2018 9:42,P,3.821,3.8169999999999997,0,1,0.66,1,397.5,9610,19,18,626.0,0,3,0,1,0.0,1,2,3,35,0,0.0,18,397.3,0.0,stationary,0
car_id_15,5/8/2018 9:43,P,3.821,3.8169999999999997,0,1,0.66,1,397.5,8640,19,18,626.0,0,3,0,1,0.0,1,2,3,35,0,0.0,18,397.0,0.0,stationary,0
car_id_15,5/8/2018 9:43,P,3.82,3.8160000000000003,0,1,0.66,1,397.5,9610,19,18,626.0,0,3,0,1,0.0,1,2,3,35,0,0.0,18,397.0,0.0,stationary,0
car_id_15,5/8/2018 9:44,P,3.82,3.8169999999999997,0,1,0.66,1,397.5,8640,19,18,626.0,0,3,0,1,0.0,1,2,3,35,0,0.0,18,397.0,0.0,stationary,0
car_id_15,5/8/2018 9:44,P,3.82,3.8160000000000003,0,1,0.66,1,397.5,9610,19,18,626.0,0,3,0,1,0.0,1,2,3,35,0,0.0,18,397.0,0.0,stationary,0
car_id_15,5/8/2018 9:45,P,3.82,3.8160000000000003,0,1,0.66,1,397.3,8640,19,18,626.0,0,3,0,1,0.0,1,2,3,35,0,0.0,18,397.0,0.0,stationary,0
car_id_15,5/8/2018 9:45,P,3.819,3.8160000000000003,0,1,0.66,1,397.3,9610,19,18,626.0,0,3,0,1,0.0,1,2,3,35,0,0.0,18,397.0,0.0,stationary,0
car_id_15,5/8/2018 9:46,P,3.819,3.815,0,1,0.66,1,397.3,8700,19,18,626.0,0,3,0,1,0.0,1,2,3,35,0,0.0,18,397.0,0.0,stationary,0
car_id_15,5/8/2018 9:46,P,3.819,3.815,0,1,0.66,1,397.3,9605,19,18,626.0,0,3,0,1,0.0,1,2,3,35,0,0.0,18,397.0,0.0,in motion,0
car_id_15,5/8/2018 9:47,P,3.819,3.815,0,1,0.66,1,397.3,8695,19,18,626.0,0,3,0,1,0.0,1,2,3,35,0,0.0,18,397.0,0.0,stationary,0
car_id_15,5/8/2018 9:47,P,3.819,3.815,0,1,0.66,1,397.3,9605,19,18,626.0,0,3,0,1,0.0,1,2,3,35,0,0.0,18,397.0,0.0,stationary,0
car_id_15,5/8/2018 10:07,<U+5012><U+6321>,3.82,3.815,1058,1,0.66,0,398.0,8690,19,18,626.0,1,3,0,2,0.0,1,1,4,32,1060,-15.8,20,397.5,-2.5,,0
car_id_15,5/8/2018 10:08,D,3.802,3.798,0,1,0.66,3,396.8,8530,19,18,626.0,0,3,0,1,6.7,1,2,4,33,755,4.0,21,396.3,1.0,stationary,0
car_id_15,5/8/2018 10:08,D,3.7969999999999997,3.793,0,1,0.65,-3,396.3,9100,19,18,626.0,1,3,0,1,13.8,1,2,2,34,996,-21.8,24,395.8,-4.3,in motion,0
car_id_15,5/8/2018 10:09,D,3.807,3.803,0,2,0.65,0,394.3,65535,19,18,626.0,0,3,0,1,0.0,1,2,254,33,65535,0.0,24,0.0,-1000.0,stationary,0
car_id_15,5/8/2018 10:09,P,3.8110000000000004,3.807,0,2,0.65,0,394.8,65535,19,18,626.0,1,3,0,1,0.0,2,2,254,33,65535,0.0,24,0.0,-1000.0,stationary,0
car_id_15,5/8/2018 10:10,D,3.787,3.782,0,1,0.65,3,394.3,65535,19,18,626.0,1,3,0,1,0.0,1,2,4,33,8,13.0,27,393.8,0.3,stationary,0
car_id_15,5/8/2018 10:11,D,3.7510000000000003,3.7460000000000004,0,1,0.64,23,389.0,8975,19,18,626.0,0,3,1,1,1.9,1,2,1,36,1163,59.0,28,388.5,22.3,in motion,0
car_id_15,5/8/2018 10:12,P,3.783,3.779,0,1,0.64,1,393.5,8485,19,18,626.0,0,3,0,1,0.0,1,2,4,35,0,0.0,27,393.5,0.0,stationary,0
car_id_15,5/8/2018 10:12,P,3.787,3.782,0,1,0.64,1,394.0,9160,19,19,626.0,0,3,0,1,0.0,1,2,4,35,0,0.0,27,393.8,0.0,stationary,0
car_id_15,5/8/2018 10:13,P,3.7880000000000003,3.783,0,1,0.64,1,394.0,8510,19,18,626.0,0,3,0,1,0.0,1,2,4,35,0,0.0,27,393.8,0.0,stationary,0
car_id_15,5/8/2018 10:14,P,3.792,3.787,0,1,0.64,1,394.5,8930,19,18,626.0,0,3,0,1,0.0,1,2,3,35,0,0.0,26,393.8,0.0,stationary,0
car_id_15,5/8/2018 10:14,P,3.793,3.7880000000000003,0,1,0.64,1,394.5,8610,19,19,626.0,0,3,0,1,0.0,1,2,3,35,0,0.0,26,393.8,0.0,stationary,0
car_id_15,5/8/2018 10:15,P,3.793,3.7889999999999997,0,1,0.64,1,394.5,9270,19,19,626.0,0,3,0,1,0.0,1,2,3,35,0,0.0,26,393.8,0.0,stationary,0
car_id_15,5/8/2018 10:15,P,3.7939999999999996,3.7889999999999997,0,1,0.64,1,394.5,8470,20,18,626.0,0,3,0,1,0.0,1,2,3,35,0,0.0,26,393.8,0.0,stationary,0
car_id_15,5/8/2018 10:16,P,3.7939999999999996,3.7889999999999997,0,1,0.64,1,394.5,9345,20,19,626.0,0,3,0,1,0.0,1,2,3,35,0,0.0,25,394.0,0.0,stationary,0
car_id_15,5/8/2018 10:16,P,3.7939999999999996,3.7889999999999997,0,1,0.64,1,394.5,8475,20,19,626.0,0,3,0,1,0.0,1,2,3,35,0,0.0,25,394.0,0.0,stationary,0
car_id_15,5/8/2018 10:17,P,3.7939999999999996,3.7889999999999997,0,1,0.64,1,394.5,9340,20,18,626.0,0,3,0,1,0.0,1,2,3,35,0,0.0,25,394.0,0.0,stationary,0
car_id_15,5/8/2018 10:17,P,3.7939999999999996,3.7889999999999997,0,1,0.64,1,394.8,8475,20,19,626.0,0,3,0,1,0.0,1,2,3,35,0,0.0,25,394.0,0.0,stationary,0
car_id_15,5/8/2018 10:18,P,3.7939999999999996,3.7889999999999997,0,1,0.64,1,394.8,9350,20,19,626.0,0,3,0,1,0.0,1,2,3,35,0,0.0,25,394.0,0.0,stationary,0
car_id_15,5/8/2018 10:18,P,3.7939999999999996,3.7889999999999997,0,1,0.64,1,394.5,8540,20,19,626.0,0,3,0,1,0.0,1,2,3,35,0,0.0,25,394.0,0.0,stationary,0
car_id_15,5/8/2018 10:19,P,3.7939999999999996,3.7889999999999997,0,1,0.63,1,394.5,9345,20,19,626.0,0,3,0,1,0.0,1,2,3,35,0,0.0,25,394.0,0.0,stationary,0
car_id_15,5/8/2018 10:19,P,3.7939999999999996,3.7889999999999997,0,1,0.63,1,394.5,8540,20,19,626.0,0,3,0,1,0.0,1,2,3,36,0,0.0,25,394.0,0.0,stationary,0
car_id_15,5/8/2018 10:20,P,3.7939999999999996,3.7889999999999997,0,1,0.63,1,394.5,9345,20,18,626.0,0,3,0,1,0.0,1,2,3,36,0,0.0,24,394.0,0.0,stationary,0
car_id_15,5/8/2018 10:20,P,3.7939999999999996,3.7889999999999997,0,1,0.63,1,394.5,8545,20,18,626.0,0,3,0,1,0.0,1,2,3,36,0,0.0,24,394.0,0.0,stationary,0
car_id_15,5/8/2018 10:21,P,3.7939999999999996,3.7889999999999997,0,1,0.63,1,394.5,9345,20,19,626.0,0,3,0,1,0.0,1,2,3,36,0,0.0,24,394.0,0.0,stationary,0
car_id_15,5/8/2018 10:21,P,3.7939999999999996,3.7889999999999997,0,1,0.63,1,394.5,8545,20,19,626.0,0,3,0,1,0.0,1,2,3,36,0,0.0,24,393.8,0.0,stationary,0
car_id_15,5/8/2018 10:22,P,3.7939999999999996,3.7889999999999997,0,1,0.63,1,394.5,9420,20,19,626.0,0,3,0,1,0.0,1,2,3,36,0,0.0,24,393.8,0.0,stationary,0
car_id_15,5/8/2018 10:22,P,3.793,3.7889999999999997,0,1,0.63,1,394.5,8610,20,19,626.0,0,3,0,1,0.0,1,2,3,36,0,0.0,24,393.8,0.0,stationary,0
car_id_15,5/8/2018 10:42,P,3.8,3.7960000000000003,0,1,0.63,1,395.5,9820,20,19,626.0,0,3,0,1,0.0,1,2,3,31,0,0.0,25,395.0,0.0,,0
car_id_15,5/8/2018 10:43,P,3.799,3.795,0,1,0.63,1,395.5,8600,20,19,626.0,0,3,0,1,0.0,1,2,3,31,0,0.0,25,394.8,0.0,stationary,0
car_id_15,5/8/2018 10:43,P,3.799,3.7939999999999996,0,1,0.63,1,395.3,9510,20,19,626.0,0,3,0,1,0.0,1,2,3,31,0,0.0,25,394.8,0.0,stationary,0
car_id_15,5/8/2018 10:44,P,3.798,3.7939999999999996,0,1,0.63,1,395.0,8705,20,19,626.0,0,3,0,1,0.0,1,2,3,32,0,0.0,25,394.8,0.0,stationary,0
car_id_15,5/8/2018 10:44,P,3.798,3.7939999999999996,0,1,0.63,1,395.0,9510,20,19,626.0,0,3,0,1,0.0,1,2,3,32,0,0.0,25,394.5,0.0,stationary,0
car_id_15,5/8/2018 10:45,P,3.7969999999999997,3.793,0,1,0.63,1,395.0,8705,20,19,626.0,0,3,0,1,0.0,1,2,3,32,0,0.0,25,394.5,0.0,stationary,0
car_id_15,5/8/2018 10:45,P,3.7969999999999997,3.792,0,1,0.63,1,395.0,9505,20,19,626.0,0,3,0,1,0.0,1,2,3,32,0,0.0,25,394.5,0.0,stationary,0
car_id_15,5/8/2018 10:46,P,3.7960000000000003,3.792,0,1,0.63,1,395.0,8765,20,19,626.0,0,3,0,1,0.0,1,2,3,32,0,0.0,25,394.5,0.0,stationary,0
car_id_15,5/8/2018 11:07,P,3.799,3.795,0,1,0.63,1,395.5,9295,20,19,626.0,0,3,0,1,0.0,1,2,3,29,0,0.0,24,394.8,0.0,,0
car_id_15,5/8/2018 11:07,P,3.799,3.795,0,1,0.63,1,395.3,8790,20,19,626.0,0,3,0,1,0.0,1,2,3,29,0,0.0,24,394.8,0.0,stationary,0
car_id_15,5/8/2018 11:08,P,3.798,3.7939999999999996,0,1,0.63,1,395.0,9510,20,19,626.0,0,3,0,1,0.0,1,2,3,29,0,0.0,24,394.8,0.0,stationary,0
car_id_15,5/8/2018 11:08,P,3.7969999999999997,3.793,0,1,0.63,1,395.0,8775,20,19,626.0,0,3,0,1,0.0,1,2,3,30,0,0.0,24,394.5,0.0,stationary,0
car_id_15,5/8/2018 11:09,P,3.7969999999999997,3.793,0,1,0.63,1,395.0,9505,20,19,626.0,0,3,0,1,0.0,1,2,3,30,0,0.0,24,394.5,0.0,stationary,0
car_id_15,5/8/2018 11:09,P,3.7969999999999997,3.792,0,1,0.63,1,395.0,8775,20,19,626.0,0,3,0,1,0.0,1,2,3,30,0,0.0,24,394.5,0.0,stationary,0
car_id_15,5/8/2018 11:10,P,3.7960000000000003,3.792,0,1,0.63,1,394.8,9500,20,19,626.0,0,3,0,1,0.0,1,2,3,30,0,0.0,24,394.5,0.0,stationary,0
car_id_15,5/8/2018 11:10,P,3.7960000000000003,3.7910000000000004,0,1,0.63,1,394.8,8770,20,19,626.0,0,3,0,1,0.0,1,2,3,30,0,0.0,24,394.3,0.0,stationary,0
car_id_15,5/8/2018 11:11,P,3.795,3.7910000000000004,0,1,0.63,1,394.8,9420,20,19,626.0,0,3,0,1,0.0,1,2,3,31,0,0.0,24,394.3,0.0,stationary,0
car_id_15,5/8/2018 11:11,P,3.798,3.795,1189,1,0.63,-1,395.0,8960,20,19,626.0,1,3,0,2,0.0,1,1,2,31,1185,-18.8,24,394.8,-4.5,stationary,0
car_id_15,5/8/2018 11:12,D,3.803,3.799,1045,1,0.63,-1,395.8,8770,20,19,626.0,1,3,0,2,0.0,1,1,4,32,1051,-15.8,24,395.3,-3.0,stationary,0
car_id_15,5/8/2018 11:13,P,3.798,3.7939999999999996,0,1,0.63,1,395.0,9335,20,19,626.0,0,3,0,1,0.0,1,2,3,32,0,0.0,25,394.8,0.0,stationary,0
car_id_15,5/8/2018 11:13,P,3.7969999999999997,3.793,0,1,0.63,1,395.0,8575,20,19,626.0,0,3,0,1,0.0,1,2,3,32,0,0.0,25,394.5,0.0,stationary,0
car_id_15,5/8/2018 11:14,P,3.7960000000000003,3.792,0,1,0.63,1,394.8,9270,20,19,626.0,0,3,0,1,0.0,1,2,3,32,0,0.0,25,394.5,0.0,stationary,0
car_id_15,5/8/2018 11:14,P,3.795,3.7910000000000004,0,1,0.63,1,394.8,8630,20,19,626.0,0,3,0,1,0.0,1,2,3,32,0,0.0,25,394.3,0.0,stationary,0
car_id_15,5/8/2018 11:15,P,3.795,3.7910000000000004,0,1,0.63,1,394.8,9340,20,19,626.0,0,3,0,1,0.0,1,2,3,32,0,0.0,25,394.3,0.0,stationary,0
car_id_15,5/8/2018 11:15,P,3.7939999999999996,3.79,0,1,0.62,1,394.8,8690,20,19,626.0,0,3,0,1,0.0,1,2,3,33,0,0.0,25,394.3,0.0,stationary,0
car_id_15,5/8/2018 11:16,D,3.786,3.779,0,1,0.62,1,394.5,9335,20,19,626.0,1,3,0,1,0.0,1,2,4,33,0,0.0,25,393.8,0.0,stationary,0
car_id_15,5/8/2018 11:16,D,3.7889999999999997,3.785,0,1,0.62,2,394.0,8910,20,19,626.0,1,3,0,1,0.0,1,2,4,33,437,2.0,25,393.8,0.3,stationary,0
car_id_15,5/8/2018 11:17,D,3.785,3.781,0,1,0.62,5,393.5,9095,20,19,626.0,0,3,0,1,3.9,1,2,4,33,509,20.0,25,393.3,3.5,stationary,0
car_id_15,5/8/2018 11:17,D,3.783,3.779,0,1,0.62,3,393.5,8635,20,19,626.0,0,3,0,1,6.4,1,2,4,34,720,5.0,25,393.5,1.5,stationary,0
car_id_15,5/8/2018 11:18,D,3.775,3.77,0,1,0.62,5,392.5,9125,20,19,626.0,1,3,0,1,5.9,1,2,4,34,788,13.0,26,392.5,3.5,stationary,0
car_id_15,5/8/2018 11:18,D,3.78,3.775,0,1,0.62,1,393.0,8690,20,19,626.0,1,3,0,1,0.0,1,2,4,35,0,0.0,26,393.0,0.0,stationary,0
car_id_15,5/8/2018 11:19,D,3.781,3.7760000000000002,0,1,0.62,1,393.3,9125,20,19,626.0,1,3,0,1,0.0,1,2,4,34,0,0.0,27,393.3,0.0,stationary,0
car_id_15,5/8/2018 11:19,0,3.781,3.7769999999999997,0,1,0.62,1,393.3,8700,20,19,626.0,1,3,0,1,0.0,1,2,4,35,0,0.0,27,393.3,0.0,stationary,0
car_id_15,5/8/2018 11:20,0,3.781,3.7769999999999997,0,1,0.62,1,393.3,9215,20,19,626.0,1,3,0,1,0.0,1,2,4,35,0,0.0,27,393.3,0.0,stationary,0
car_id_15,5/8/2018 11:20,D,3.781,3.7760000000000002,0,1,0.62,1,393.3,8705,20,19,626.0,1,3,0,1,0.0,1,2,4,35,0,0.0,27,393.3,0.0,stationary,0
car_id_15,5/8/2018 11:21,D,3.781,3.7760000000000002,0,1,0.62,1,393.3,9210,20,19,626.0,1,3,0,1,0.0,1,2,4,35,0,0.0,27,393.0,0.0,stationary,0
car_id_15,5/8/2018 11:21,D,3.78,3.775,0,1,0.62,1,393.3,8775,20,19,626.0,1,3,0,1,0.0,1,2,4,35,0,0.0,27,393.0,0.0,stationary,0
car_id_15,5/8/2018 11:22,D,3.762,3.7569999999999997,0,1,0.61,5,392.0,10000,20,19,627.0,1,3,0,1,7.4,1,2,1,36,824,15.0,27,391.5,4.8,stationary,0
car_id_15,5/8/2018 11:22,D,3.764,3.759,0,1,0.61,-7,393.5,8575,20,19,627.0,0,3,1,1,20.7,1,2,2,36,1529,-23.8,27,393.8,-9.3,stationary,0
car_id_15,5/8/2018 11:23,D,3.77,3.766,0,1,0.61,1,392.3,8920,20,19,627.0,1,3,0,1,0.0,1,2,4,36,0,0.0,28,392.0,0.0,stationary,0
car_id_15,5/8/2018 11:23,D,3.7710000000000004,3.766,0,1,0.61,1,392.3,8730,20,19,627.0,1,3,0,1,0.0,1,2,4,36,0,0.0,28,392.0,0.0,stationary,0
car_id_15,5/8/2018 11:24,D,3.772,3.767,0,1,0.61,1,392.3,9165,20,19,627.0,1,3,0,1,0.0,1,2,4,36,0,0.0,28,392.0,0.0,stationary,0
car_id_15,5/8/2018 11:24,D,3.772,3.767,0,1,0.61,1,392.3,8740,20,19,627.0,1,3,0,1,0.0,1,2,4,36,0,0.0,28,392.0,0.0,stationary,0
car_id_15,5/8/2018 11:25,D,3.767,3.762,0,1,0.61,5,391.5,9250,20,19,627.0,0,3,0,1,4.6,1,2,4,36,560,18.0,28,391.3,3.8,stationary,0
car_id_15,5/8/2018 11:25,D,3.7680000000000002,3.763,0,1,0.61,1,392.0,8525,20,19,627.0,1,3,0,1,0.0,1,2,4,37,0,0.0,28,391.8,0.0,stationary,0
car_id_15,5/8/2018 11:26,D,3.7689999999999997,3.764,0,1,0.61,1,392.0,9155,20,19,627.0,1,3,0,1,0.0,1,2,4,37,0,0.0,28,391.8,0.0,stationary,0
car_id_15,5/8/2018 11:26,D,3.7689999999999997,3.764,0,1,0.61,1,392.0,8730,20,19,627.0,1,3,0,1,0.0,1,2,4,37,0,0.0,29,391.8,0.0,stationary,0
car_id_15,5/8/2018 11:27,D,3.7689999999999997,3.764,0,1,0.61,1,392.0,9315,20,19,627.0,1,3,0,1,0.0,1,2,4,37,0,0.0,29,391.8,0.0,stationary,0
car_id_15,5/8/2018 11:27,D,3.7689999999999997,3.764,0,1,0.61,1,392.0,8805,20,19,627.0,1,3,0,1,0.0,1,2,4,37,0,0.0,28,391.8,0.0,stationary,0
car_id_15,5/8/2018 11:28,D,3.7689999999999997,3.763,0,1,0.61,1,392.0,9320,20,20,627.0,1,3,0,1,0.0,1,2,4,37,0,0.0,28,391.8,0.0,stationary,0
car_id_15,5/8/2018 11:28,P,3.7680000000000002,3.763,0,1,0.61,1,392.0,8875,20,19,627.0,1,3,0,1,0.0,1,2,4,37,0,0.0,28,391.8,0.0,stationary,0
car_id_15,5/8/2018 11:29,P,3.7680000000000002,3.763,0,1,0.61,1,392.0,9320,20,19,627.0,1,3,0,1,0.0,1,2,4,37,0,0.0,28,391.8,0.0,stationary,0
car_id_15,5/8/2018 11:29,P,3.7680000000000002,3.763,0,1,0.6,1,392.0,8875,20,19,627.0,1,3,0,1,0.0,1,2,4,38,0,0.0,28,391.8,0.0,stationary,0
car_id_15,5/8/2018 11:30,P,3.7680000000000002,3.762,0,1,0.6,1,391.8,9390,20,20,627.0,1,3,0,1,0.0,1,2,4,38,0,0.0,28,391.5,0.0,stationary,0
car_id_15,5/8/2018 11:30,P,3.767,3.762,0,1,0.6,1,391.8,8875,20,19,627.0,1,3,0,1,0.0,1,2,4,38,0,0.0,28,391.5,0.0,stationary,0
car_id_15,5/8/2018 11:31,P,3.763,3.758,0,1,0.6,2,391.5,9385,20,19,627.0,1,3,0,1,0.4,1,2,4,38,377,4.0,28,391.3,0.5,stationary,0
car_id_15,5/8/2018 11:33,P,3.7680000000000002,3.762,0,1,0.6,1,392.0,9465,20,19,627.0,0,3,0,1,0.0,1,2,4,37,0,0.0,28,391.8,0.0,stationary,0
car_id_15,5/8/2018 11:34,D,3.807,3.802,2421,1,0.6,-20,395.8,8435,20,19,627.0,0,3,0,2,42.1,1,1,2,38,2401,-44.8,28,395.5,-23.5,stationary,0
car_id_15,5/8/2018 11:34,D,3.7760000000000002,3.772,1051,1,0.6,-1,392.8,8865,20,19,627.0,1,3,0,2,0.0,1,1,4,39,1053,-13.8,29,392.8,-2.8,stationary,0
car_id_15,5/8/2018 11:35,D,3.766,3.761,0,1,0.6,3,391.8,9300,20,19,627.0,0,3,0,1,6.4,1,2,4,39,721,4.0,30,391.5,1.3,stationary,0
car_id_15,5/8/2018 11:36,D,3.763,3.758,0,1,0.6,3,391.5,8450,20,20,627.0,0,3,0,1,6.4,1,2,4,39,719,4.0,30,391.3,1.3,stationary,0
car_id_15,5/8/2018 11:36,D,3.7560000000000002,3.75,0,1,0.6,5,390.8,8965,20,19,627.0,0,3,1,1,11.5,1,2,4,39,1298,6.0,30,390.5,2.8,stationary,0
car_id_15,5/8/2018 11:37,D,3.758,3.753,0,1,0.6,3,390.0,8450,20,20,627.0,0,3,1,1,28.5,1,2,4,41,2026,-5.8,31,389.3,2.5,stationary,0
car_id_15,5/8/2018 11:37,D,3.714,3.707,0,1,0.6,26,385.5,8910,20,19,628.0,0,3,1,1,33.1,1,2,1,41,1668,46.0,32,385.3,24.8,stationary,0
car_id_15,5/8/2018 11:38,<U+5012><U+6321>,3.7230000000000003,3.716,0,1,0.59,18,386.5,8425,20,20,628.0,0,3,1,1,38.9,1,2,1,41,2904,16.0,32,386.0,15.8,stationary,0
car_id_15,5/8/2018 11:38,<U+5012><U+6321>,3.6860000000000004,3.678,0,1,0.59,36,382.5,8855,20,19,628.0,0,3,1,1,58.8,1,2,1,42,4382,22.0,34,382.0,33.5,stationary,0
car_id_15,5/8/2018 11:39,D,3.717,3.7110000000000003,0,1,0.59,6,387.3,8090,20,19,629.0,0,3,0,1,21.5,1,2,1,42,657,29.0,35,387.3,4.8,stationary,0
car_id_15,5/8/2018 11:39,D,3.748,3.7439999999999998,693,1,0.58,-2,390.0,8760,21,19,629.0,1,3,0,2,76.1,1,1,2,43,696,-28.8,36,389.8,-4.0,stationary,1
car_id_15,5/8/2018 13:14,D,3.775,3.7689999999999997,1044,1,0.58,-2,392.8,8640,21,20,629.0,1,3,0,2,76.1,1,1,2,28,1040,-18.8,130,392.5,-4.0,,1
car_id_15,5/8/2018 13:15,D,3.77,3.764,775,1,0.58,0,392.3,8595,21,20,629.0,1,3,0,2,76.1,1,1,4,29,793,-14.8,112,392.0,-2.0,in motion,1
car_id_15,5/8/2018 13:15,D,3.7710000000000004,3.765,739,1,0.58,0,392.3,8605,21,20,629.0,1,3,0,2,76.1,1,1,4,30,758,-13.8,103,392.0,-2.0,stationary,1
car_id_15,5/8/2018 13:16,P,3.772,3.766,755,1,0.58,0,392.3,8775,21,20,629.0,1,3,0,2,76.1,1,1,4,30,744,-16.8,94,392.0,-2.3,stationary,1
car_id_15,5/8/2018 14:20,P,3.7289999999999996,3.7230000000000003,0,1,0.57,5,387.8,8285,21,20,629.0,1,3,0,1,76.1,1,2,4,35,3040,0.0,36,387.5,3.0,,1
car_id_15,5/8/2018 14:29,P,3.75,3.7439999999999998,0,1,0.57,1,390.0,9760,21,20,629.0,0,3,0,1,76.1,1,2,3,32,0,0.0,37,389.8,0.0,,1
car_id_15,5/8/2018 14:30,P,3.7489999999999997,3.7430000000000003,0,1,0.57,1,390.0,8925,21,20,629.0,0,3,0,1,76.1,1,2,3,32,0,0.0,37,389.8,0.0,stationary,1
car_id_15,5/8/2018 14:30,P,3.748,3.7430000000000003,0,1,0.57,1,390.0,9525,21,20,629.0,0,3,0,1,76.1,1,2,3,32,0,0.0,37,389.8,0.0,stationary,1
car_id_15,5/8/2018 14:31,P,3.748,3.742,0,1,0.57,1,389.8,9055,21,20,629.0,0,3,0,1,76.1,1,2,3,32,0,0.0,37,389.5,0.0,stationary,1
car_id_15,5/8/2018 14:31,P,3.747,3.741,0,1,0.57,1,389.8,9445,21,21,629.0,0,3,0,1,76.1,1,2,3,32,0,0.0,37,389.5,0.0,stationary,1
car_id_15,5/8/2018 14:32,P,3.747,3.741,0,1,0.57,1,389.8,9050,21,21,629.0,0,3,0,1,76.1,1,2,3,33,0,0.0,37,389.5,0.0,stationary,1
car_id_15,5/8/2018 14:32,P,3.7460000000000004,3.741,0,1,0.57,1,389.8,9365,21,21,629.0,0,3,0,1,76.1,1,2,3,33,0,0.0,37,389.5,0.0,stationary,1
car_id_15,5/8/2018 14:33,P,3.7460000000000004,3.74,0,1,0.57,1,389.8,9110,21,21,629.0,0,3,0,1,76.1,1,2,3,33,0,0.0,37,389.5,0.0,stationary,1
car_id_15,5/8/2018 14:33,P,3.745,3.74,0,1,0.57,1,389.8,9365,21,21,629.0,0,3,0,1,76.1,1,2,3,33,0,0.0,37,389.3,0.0,stationary,1
car_id_15,5/8/2018 14:34,P,3.745,3.739,0,1,0.57,1,389.5,9110,21,21,629.0,0,3,0,1,0.0,1,2,3,33,0,0.0,37,389.3,0.0,stationary,0
car_id_15,5/8/2018 14:34,P,3.745,3.739,0,1,0.57,1,389.5,9360,22,21,629.0,0,3,0,1,0.0,1,2,3,33,0,0.0,37,389.3,0.0,stationary,0
car_id_15,5/8/2018 14:35,P,3.7439999999999998,3.738,0,1,0.57,1,389.5,9110,22,21,629.0,0,3,0,1,0.0,1,2,3,33,0,0.0,37,389.3,0.0,stationary,0
car_id_15,5/8/2018 14:37,P,3.7430000000000003,3.737,0,1,0.57,1,389.3,9440,22,20,629.0,0,3,0,1,0.0,1,2,3,33,0,0.0,37,389.0,0.0,stationary,0
car_id_15,5/8/2018 14:37,P,3.7430000000000003,3.737,0,1,0.57,1,389.3,9115,22,21,629.0,0,3,0,1,0.0,1,2,3,33,0,0.0,37,389.0,0.0,stationary,0
car_id_15,5/8/2018 14:38,P,3.742,3.736,0,1,0.57,1,389.3,9430,22,21,629.0,0,3,0,1,0.0,1,2,3,34,0,0.0,37,389.0,0.0,stationary,0
car_id_15,5/8/2018 14:38,P,3.737,3.7310000000000003,0,1,0.57,2,388.8,9550,22,21,629.0,1,3,0,1,0.0,1,2,4,34,0,0.0,37,388.5,0.0,stationary,0
car_id_15,5/8/2018 14:40,<U+5012><U+6321>,3.717,3.7110000000000003,0,1,0.56,8,386.8,9170,22,21,629.0,1,3,0,1,1.7,1,2,1,37,680,34.0,38,386.0,8.5,,0
car_id_15,5/10/2018 13:28,P,3.725,3.718,0,1,0.55,2,387.5,9240,21,20,629.0,1,3,0,1,0.0,1,2,4,27,0,0.0,21,387.3,0.0,,0
car_id_15,5/15/2018 16:48,P,3.739,3.733,1043,1,0.55,1,388.8,6360,35,34,629.0,0,3,0,2,0.0,1,1,2,38,1039,-23.8,35,388.5,-5.0,,0
car_id_15,5/15/2018 16:49,P,3.7239999999999998,3.718,0,1,0.55,9,387.0,6170,35,34,629.0,0,3,0,1,0.0,1,2,4,38,0,0.0,35,387.0,0.0,stationary,0
car_id_15,5/15/2018 16:49,<U+5012><U+6321>,3.708,3.702,0,1,0.55,12,386.3,6490,35,34,629.0,1,3,0,1,0.0,1,2,4,38,121,49.0,35,386.0,2.3,stationary,0
car_id_15,5/15/2018 16:50,<U+5012><U+6321>,3.725,3.721,0,2,0.55,0,385.5,65535,35,34,629.0,0,3,0,1,0.0,1,2,254,38,65535,0.0,36,0.0,-1000.0,stationary,0
car_id_15,5/15/2018 16:50,<U+5012><U+6321>,3.728,3.7239999999999998,0,2,0.55,0,386.0,65535,35,34,629.0,1,3,0,1,0.0,1,2,254,38,65535,0.0,36,0.0,-1000.0,stationary,0
car_id_15,5/18/2018 16:45,D,3.721,3.716,0,1,0.54,0,387.0,65535,26,25,629.0,1,3,0,2,0.0,1,2,3,28,0,0.0,26,387.0,0.0,,0
car_id_15,5/18/2018 16:46,P,3.7230000000000003,3.718,778,1,0.54,0,387.0,8190,26,25,629.0,0,3,0,2,0.0,1,1,4,29,783,-8.8,28,387.0,-1.3,stationary,0
car_id_15,5/18/2018 16:47,P,3.7230000000000003,3.719,774,1,0.54,0,387.0,7785,26,25,629.0,0,3,0,2,0.0,1,1,4,30,776,-13.8,28,387.0,-1.8,stationary,0
car_id_15,5/18/2018 16:47,P,3.7230000000000003,3.718,768,1,0.54,0,387.0,8110,26,25,629.0,0,3,0,2,0.0,1,1,4,30,767,-12.8,28,387.0,-1.8,stationary,0
car_id_15,5/18/2018 16:48,P,3.7230000000000003,3.718,762,1,0.54,0,387.3,7595,26,25,629.0,0,3,0,2,0.0,1,1,4,31,764,-13.8,28,387.0,-1.8,stationary,0
car_id_15,5/18/2018 16:48,P,3.7230000000000003,3.719,762,1,0.54,0,387.0,8105,26,25,629.0,0,3,0,2,0.0,1,1,4,31,761,-12.8,28,387.3,-1.8,stationary,0
car_id_15,5/18/2018 16:49,P,3.7239999999999998,3.719,756,1,0.54,0,387.0,7540,26,26,629.0,0,3,0,2,0.0,1,1,4,32,756,-12.8,29,387.0,-1.5,stationary,0
car_id_15,5/18/2018 16:49,P,3.7239999999999998,3.719,757,1,0.54,0,387.0,8045,26,26,629.0,0,3,0,2,0.0,1,1,4,32,761,-13.8,29,387.3,-1.8,stationary,0
car_id_15,5/18/2018 16:50,P,3.7239999999999998,3.719,760,1,0.54,0,387.3,7485,26,25,629.0,0,3,0,2,0.0,1,1,4,32,764,-14.8,29,387.3,-2.0,stationary,0
car_id_15,5/18/2018 16:50,P,3.7239999999999998,3.719,760,1,0.54,0,387.3,8035,26,25,629.0,0,3,0,2,0.0,1,1,4,33,759,-13.8,30,387.3,-1.8,stationary,0
car_id_15,5/18/2018 16:51,P,3.7239999999999998,3.719,763,1,0.54,0,387.3,7535,26,25,629.0,0,3,0,2,0.0,1,1,4,33,762,-13.8,30,387.3,-2.0,stationary,0
car_id_15,5/18/2018 16:51,P,3.7239999999999998,3.719,761,1,0.54,0,387.3,8040,26,25,629.0,0,3,0,2,0.0,1,1,4,34,760,-12.8,30,387.3,-1.8,stationary,0
car_id_15,5/18/2018 16:52,P,3.7239999999999998,3.719,758,1,0.54,0,387.0,7645,26,26,629.0,0,3,0,2,0.0,1,1,4,34,757,-12.8,31,387.3,-1.8,stationary,0
car_id_15,5/18/2018 16:52,P,3.7239999999999998,3.719,761,1,0.54,0,387.0,8040,26,25,629.0,0,3,0,2,0.0,1,1,4,34,761,-12.8,31,387.3,-2.0,stationary,0
car_id_15,5/18/2018 16:53,P,3.7239999999999998,3.72,761,1,0.54,0,387.0,7805,26,26,629.0,0,3,0,2,0.0,1,1,4,35,759,-13.8,31,387.3,-2.0,stationary,0
car_id_15,5/18/2018 16:53,P,3.7239999999999998,3.719,760,1,0.54,0,387.3,8035,26,25,629.0,0,3,0,2,0.0,1,1,4,35,761,-12.8,32,387.0,-1.8,stationary,0
car_id_15,5/18/2018 16:54,P,3.7239999999999998,3.72,757,1,0.54,0,387.0,7695,26,26,629.0,0,3,0,2,0.0,1,1,4,35,752,-10.8,32,387.3,-1.5,stationary,0
car_id_15,5/18/2018 16:54,P,3.7239999999999998,3.719,758,1,0.54,0,387.0,8040,26,25,629.0,0,3,0,2,0.0,1,1,4,36,759,-12.8,33,387.3,-1.8,stationary,0
car_id_15,5/18/2018 16:55,P,3.7239999999999998,3.72,759,1,0.54,0,387.0,7535,26,26,629.0,0,3,0,2,0.0,1,1,4,36,759,-12.8,33,387.3,-1.8,stationary,0
car_id_15,5/18/2018 16:55,P,3.7239999999999998,3.719,759,1,0.54,0,387.0,8030,26,25,629.0,0,3,0,2,0.0,1,1,4,36,758,-12.8,33,387.3,-1.8,stationary,0
car_id_15,5/18/2018 16:58,P,3.72,3.716,0,1,0.54,1,386.8,8665,26,26,629.0,0,3,0,1,0.0,1,2,3,35,0,0.0,136,386.8,0.0,stationary,0
car_id_15,5/18/2018 16:59,P,3.72,3.716,0,1,0.54,1,386.8,7740,26,26,629.0,0,3,0,1,0.0,1,2,3,35,0,0.0,130,386.8,0.0,stationary,0
car_id_15,5/18/2018 16:59,P,3.721,3.717,0,1,0.54,1,386.8,8665,26,26,629.0,0,3,0,1,0.0,1,2,3,36,0,0.0,124,386.8,0.0,stationary,0
car_id_15,5/18/2018 17:23,D,3.716,3.7119999999999997,0,2,0.54,0,385.0,65535,27,26,629.0,1,3,0,1,0.0,1,2,254,32,65535,0.0,34,0.0,-1000.0,,0
car_id_15,5/18/2018 17:25,P,3.7230000000000003,3.719,1031,1,0.54,-6,387.3,8280,27,26,629.0,1,3,0,2,0.0,1,1,2,35,1036,-33.8,38,387.5,-8.0,stationary,0
car_id_15,5/20/2018 16:45,<U+5012><U+6321>,3.687,3.6830000000000003,0,1,0.53,10,383.3,10000,18,17,629.0,1,3,0,1,3.4,1,2,1,21,755,36.0,18,382.8,8.8,,0
car_id_15,5/26/2018 10:29,P,3.7060000000000004,3.701,0,1,0.53,1,385.5,9825,18,17,629.0,1,3,0,1,0.0,1,2,4,18,0,0.0,17,385.3,0.0,,0
car_id_15,5/26/2018 10:30,P,3.705,3.701,0,1,0.53,1,385.5,9325,18,17,629.0,1,3,0,1,0.0,1,2,4,19,0,0.0,17,385.3,0.0,stationary,0
car_id_15,5/26/2018 10:30,D,3.687,3.6830000000000003,0,1,0.53,13,382.8,9740,18,17,629.0,1,3,0,1,3.1,1,2,1,20,775,44.0,17,382.3,11.8,stationary,0
car_id_15,5/26/2018 10:31,P,3.7,3.696,0,1,0.53,1,385.0,9210,18,17,629.0,1,3,0,1,0.0,1,2,4,20,0,0.0,18,384.8,0.0,stationary,0
car_id_15,5/26/2018 10:31,P,3.701,3.697,0,1,0.53,1,385.0,9725,18,17,629.0,1,3,0,1,0.0,1,2,4,20,0,0.0,18,385.0,0.0,stationary,0
car_id_15,5/26/2018 10:32,P,3.7039999999999997,3.701,0,1,0.53,1,385.0,9145,18,17,629.0,1,3,0,1,0.0,1,2,4,20,0,0.0,18,385.0,0.0,stationary,0
car_id_15,5/29/2018 10:34,D,3.696,3.6919999999999997,1141,1,0.53,7,384.5,6630,26,25,629.0,0,3,1,2,9.3,1,1,4,32,1147,-0.8,26,384.5,0.8,,0
car_id_15,5/29/2018 10:35,D,3.673,3.668,0,1,0.52,17,382.0,6455,26,25,629.0,0,3,0,1,3.8,1,2,1,33,782,36.0,27,381.8,9.3,in motion,0
car_id_15,5/29/2018 10:35,D,3.697,3.694,0,2,0.52,0,383.0,65535,26,25,629.0,0,3,1,1,0.5,1,2,254,32,65535,0.0,28,0.0,-1000.0,in motion,0
car_id_15,5/29/2018 10:36,D,3.702,3.698,0,2,0.52,0,383.5,65535,26,25,629.0,0,3,1,1,0.0,1,2,254,33,65535,0.0,29,0.0,-1000.0,in motion,0
car_id_15,5/29/2018 10:37,D,3.7030000000000003,3.699,0,2,0.52,0,383.5,65535,26,25,629.0,1,3,0,1,0.0,1,2,254,33,65535,0.0,29,0.0,-1000.0,stationary,0
car_id_15,5/29/2018 10:37,D,3.7030000000000003,3.7,0,2,0.52,0,383.5,65535,26,25,629.0,1,3,0,1,0.0,1,2,254,33,65535,0.0,29,0.0,-1000.0,stationary,0
car_id_15,5/29/2018 10:38,P,3.694,3.69,0,2,0.51,0,382.8,6340,26,25,629.0,1,3,0,1,0.0,1,2,254,34,65535,0.0,32,0.0,-1000.0,stationary,0
car_id_15,5/29/2018 10:39,D,3.676,3.6719999999999997,0,1,0.51,8,382.5,6530,26,25,629.0,0,3,0,1,8.5,1,2,4,34,941,-2.8,32,382.3,0.0,in motion,0
car_id_15,5/29/2018 10:40,<U+5012><U+6321>,3.6689999999999996,3.665,0,1,0.5,16,380.8,6800,26,25,629.0,1,3,0,1,3.5,1,2,1,36,757,34.0,33,380.5,9.0,in motion,0
car_id_15,5/29/2018 10:40,P,3.674,3.67,0,1,0.5,7,382.0,7235,26,25,629.0,0,3,0,1,0.0,1,2,4,34,0,0.0,33,382.0,0.0,stationary,0
car_id_15,5/29/2018 10:41,P,3.673,3.6689999999999996,0,1,0.5,8,382.0,7430,26,25,629.0,0,3,0,1,0.0,1,2,4,34,0,0.0,32,382.0,0.0,stationary,0
car_id_15,5/29/2018 10:41,P,3.6719999999999997,3.668,0,1,0.5,8,382.0,7610,26,25,629.0,0,3,0,1,0.0,1,2,4,34,0,0.0,32,382.0,0.0,stationary,0
